{
"type": "FeatureCollection",
"name": "origin_record",
"crs": { "type": "name", "properties": { "name": "urn:ogc:def:crs:EPSG::6491" } },
"features": [
{ "type": "Feature", "properties": { "id": 0, "__GUID": "13b9dd40-84a3-4a37-bbf4-d6622165124b", "category": "daycare", "_to_subway_reach_sr800": 0.0, "_to_subway_g_sr800": 0.0, "_to_bluebike_reach_sr800": 2.0, "_to_bluebike_g_sr800": 1.1732842254765559, "_to_bus_reach_sr800": 4.0, "_to_bus_g_sr800": 2.0140439621651565, "Schools_to_Train_reach": 0.0, "Schools_to_Train_gravity": 0.0, "Schools_to_Train_knn_access": 0.0, "Schools_to_Bus_reach": 4.0, "Schools_to_Bus_gravity": 2.0140439621651565, "Schools_to_Bus_knn_access": 1.75, "Schools_to_Bluebike_reach": 2.0, "Schools_to_Bluebike_gravity": 1.1732842254765559, "Schools_to_Bluebike_knn_access": 0.5, "total_knn_access": 2.25, "normalized_knn_access": 0.26470588235294118 }, "geometry": { "type": "Point", "coordinates": [ 232911.0, 900859.0 ] } },
{ "type": "Feature", "properties": { "id": 1, "__GUID": "105b02b6-c214-447f-8333-300a85136475", "category": "daycare", "_to_subway_reach_sr800": 0.0, "_to_subway_g_sr800": 0.0, "_to_bluebike_reach_sr800": 1.0, "_to_bluebike_g_sr800": 0.86209315009079734, "_to_bus_reach_sr800": 12.0, "_to_bus_g_sr800": 8.0356400079571202, "Schools_to_Train_reach": 0.0, "Schools_to_Train_gravity": 0.0, "Schools_to_Train_knn_access": 0.0, "Schools_to_Bus_reach": 12.0, "Schools_to_Bus_gravity": 8.0356400079571202, "Schools_to_Bus_knn_access": 2.0, "Schools_to_Bluebike_reach": 1.0, "Schools_to_Bluebike_gravity": 0.86209315009079734, "Schools_to_Bluebike_knn_access": 0.25, "total_knn_access": 2.25, "normalized_knn_access": 0.26470588235294118 }, "geometry": { "type": "Point", "coordinates": [ 230323.0, 905435.0 ] } },
{ "type": "Feature", "properties": { "id": 2, "__GUID": "abfd4afe-9e17-4a80-86c8-7708b7c2ddd9", "category": "daycare", "_to_subway_reach_sr800": 0.0, "_to_subway_g_sr800": 0.0, "_to_bluebike_reach_sr800": 6.0, "_to_bluebike_g_sr800": 3.2350853039494734, "_to_bus_reach_sr800": 24.0, "_to_bus_g_sr800": 14.064803704564071, "Schools_to_Train_reach": 0.0, "Schools_to_Train_gravity": 0.0, "Schools_to_Train_knn_access": 0.0, "Schools_to_Bus_reach": 24.0, "Schools_to_Bus_gravity": 14.064803704564071, "Schools_to_Bus_knn_access": 2.0, "Schools_to_Bluebike_reach": 6.0, "Schools_to_Bluebike_gravity": 3.2350853039494734, "Schools_to_Bluebike_knn_access": 0.5, "total_knn_access": 2.5, "normalized_knn_access": 0.29411764705882354 }, "geometry": { "type": "Point", "coordinates": [ 233752.0, 902106.0 ] } },
{ "type": "Feature", "properties": { "id": 3, "__GUID": "774f7eda-8c8b-4e1d-8fba-083b162b1942", "category": "daycare", "_to_subway_reach_sr800": 1.0, "_to_subway_g_sr800": 0.47745631469633482, "_to_bluebike_reach_sr800": 5.0, "_to_bluebike_g_sr800": 3.0302354615817513, "_to_bus_reach_sr800": 45.0, "_to_bus_g_sr800": 27.209306710786354, "Schools_to_Train_reach": 1.0, "Schools_to_Train_gravity": 0.47745631469633482, "Schools_to_Train_knn_access": 6.0, "Schools_to_Bus_reach": 45.0, "Schools_to_Bus_gravity": 27.209306710786354, "Schools_to_Bus_knn_access": 2.0, "Schools_to_Bluebike_reach": 5.0, "Schools_to_Bluebike_gravity": 3.0302354615817513, "Schools_to_Bluebike_knn_access": 0.5, "total_knn_access": 8.5, "normalized_knn_access": 1.0 }, "geometry": { "type": "Point", "coordinates": [ 232581.0, 902302.0 ] } },
{ "type": "Feature", "properties": { "id": 4, "__GUID": "4789cc96-8152-4f88-bd05-446c64884e71", "category": "daycare", "_to_subway_reach_sr800": 0.0, "_to_subway_g_sr800": 0.0, "_to_bluebike_reach_sr800": 3.0, "_to_bluebike_g_sr800": 2.250061970503241, "_to_bus_reach_sr800": 36.0, "_to_bus_g_sr800": 22.647330874296635, "Schools_to_Train_reach": 0.0, "Schools_to_Train_gravity": 0.0, "Schools_to_Train_knn_access": 0.0, "Schools_to_Bus_reach": 36.0, "Schools_to_Bus_gravity": 22.647330874296635, "Schools_to_Bus_knn_access": 2.0, "Schools_to_Bluebike_reach": 3.0, "Schools_to_Bluebike_gravity": 2.250061970503241, "Schools_to_Bluebike_knn_access": 0.5, "total_knn_access": 2.5, "normalized_knn_access": 0.29411764705882354 }, "geometry": { "type": "Point", "coordinates": [ 233174.0, 902594.0 ] } },
{ "type": "Feature", "properties": { "id": 5, "__GUID": "9342701e-04d8-4b36-b6df-4484864e4890", "category": "daycare", "_to_subway_reach_sr800": 0.0, "_to_subway_g_sr800": 0.0, "_to_bluebike_reach_sr800": 2.0, "_to_bluebike_g_sr800": 1.4340248914009026, "_to_bus_reach_sr800": 17.0, "_to_bus_g_sr800": 10.491703707538209, "Schools_to_Train_reach": 0.0, "Schools_to_Train_gravity": 0.0, "Schools_to_Train_knn_access": 0.0, "Schools_to_Bus_reach": 17.0, "Schools_to_Bus_gravity": 10.491703707538209, "Schools_to_Bus_knn_access": 2.0, "Schools_to_Bluebike_reach": 2.0, "Schools_to_Bluebike_gravity": 1.4340248914009026, "Schools_to_Bluebike_knn_access": 0.5, "total_knn_access": 2.5, "normalized_knn_access": 0.29411764705882354 }, "geometry": { "type": "Point", "coordinates": [ 230070.0, 903455.0 ] } },
{ "type": "Feature", "properties": { "id": 6, "__GUID": "4c72f0e6-8397-47c4-a065-1e2285e5122d", "category": "daycare", "_to_subway_reach_sr800": 1.0, "_to_subway_g_sr800": 0.48147395044298963, "_to_bluebike_reach_sr800": 8.0, "_to_bluebike_g_sr800": 4.4080649107617171, "_to_bus_reach_sr800": 47.0, "_to_bus_g_sr800": 28.463307998066398, "Schools_to_Train_reach": 1.0, "Schools_to_Train_gravity": 0.48147395044298963, "Schools_to_Train_knn_access": 6.0, "Schools_to_Bus_reach": 47.0, "Schools_to_Bus_gravity": 28.463307998066398, "Schools_to_Bus_knn_access": 2.0, "Schools_to_Bluebike_reach": 8.0, "Schools_to_Bluebike_gravity": 4.4080649107617171, "Schools_to_Bluebike_knn_access": 0.5, "total_knn_access": 8.5, "normalized_knn_access": 1.0 }, "geometry": { "type": "Point", "coordinates": [ 233084.0, 902038.0 ] } },
{ "type": "Feature", "properties": { "id": 7, "__GUID": "73996317-8c52-4871-b86b-e829adfc1c6f", "category": "daycare", "_to_subway_reach_sr800": 0.0, "_to_subway_g_sr800": 0.0, "_to_bluebike_reach_sr800": 3.0, "_to_bluebike_g_sr800": 1.7558951811000352, "_to_bus_reach_sr800": 28.0, "_to_bus_g_sr800": 17.260130827472992, "Schools_to_Train_reach": 0.0, "Schools_to_Train_gravity": 0.0, "Schools_to_Train_knn_access": 0.0, "Schools_to_Bus_reach": 28.0, "Schools_to_Bus_gravity": 17.260130827472992, "Schools_to_Bus_knn_access": 2.0, "Schools_to_Bluebike_reach": 3.0, "Schools_to_Bluebike_gravity": 1.7558951811000352, "Schools_to_Bluebike_knn_access": 0.5, "total_knn_access": 2.5, "normalized_knn_access": 0.29411764705882354 }, "geometry": { "type": "Point", "coordinates": [ 233638.0, 902541.0 ] } },
{ "type": "Feature", "properties": { "id": 8, "__GUID": "39a75c97-2344-4e77-9023-8468e341ec11", "category": "daycare", "_to_subway_reach_sr800": 1.0, "_to_subway_g_sr800": 0.46051020265128828, "_to_bluebike_reach_sr800": 4.0, "_to_bluebike_g_sr800": 2.5970078227155278, "_to_bus_reach_sr800": 43.0, "_to_bus_g_sr800": 26.50190602918196, "Schools_to_Train_reach": 1.0, "Schools_to_Train_gravity": 0.46051020265128828, "Schools_to_Train_knn_access": 6.0, "Schools_to_Bus_reach": 43.0, "Schools_to_Bus_gravity": 26.50190602918196, "Schools_to_Bus_knn_access": 2.0, "Schools_to_Bluebike_reach": 4.0, "Schools_to_Bluebike_gravity": 2.5970078227155278, "Schools_to_Bluebike_knn_access": 0.5, "total_knn_access": 8.5, "normalized_knn_access": 1.0 }, "geometry": { "type": "Point", "coordinates": [ 232565.0, 902312.0 ] } },
{ "type": "Feature", "properties": { "id": 9, "__GUID": "2d7e05a7-1392-456e-a253-115236f12089", "category": "daycare", "_to_subway_reach_sr800": 0.0, "_to_subway_g_sr800": 0.0, "_to_bluebike_reach_sr800": 3.0, "_to_bluebike_g_sr800": 1.4294541120268554, "_to_bus_reach_sr800": 16.0, "_to_bus_g_sr800": 11.209422650872943, "Schools_to_Train_reach": 0.0, "Schools_to_Train_gravity": 0.0, "Schools_to_Train_knn_access": 0.0, "Schools_to_Bus_reach": 16.0, "Schools_to_Bus_gravity": 11.209422650872943, "Schools_to_Bus_knn_access": 2.0, "Schools_to_Bluebike_reach": 3.0, "Schools_to_Bluebike_gravity": 1.4294541120268554, "Schools_to_Bluebike_knn_access": 0.5, "total_knn_access": 2.5, "normalized_knn_access": 0.29411764705882354 }, "geometry": { "type": "Point", "coordinates": [ 234168.0, 902452.0 ] } },
{ "type": "Feature", "properties": { "id": 10, "__GUID": "b7087584-2bbf-455e-8a41-ee7b264af97c", "category": "daycare", "_to_subway_reach_sr800": 1.0, "_to_subway_g_sr800": 0.89288770932059447, "_to_bluebike_reach_sr800": 3.0, "_to_bluebike_g_sr800": 2.2784176688395306, "_to_bus_reach_sr800": 5.0, "_to_bus_g_sr800": 2.6692944936080933, "Schools_to_Train_reach": 1.0, "Schools_to_Train_gravity": 0.89288770932059447, "Schools_to_Train_knn_access": 6.0, "Schools_to_Bus_reach": 5.0, "Schools_to_Bus_gravity": 2.6692944936080933, "Schools_to_Bus_knn_access": 2.0, "Schools_to_Bluebike_reach": 3.0, "Schools_to_Bluebike_gravity": 2.2784176688395306, "Schools_to_Bluebike_knn_access": 0.5, "total_knn_access": 8.5, "normalized_knn_access": 1.0 }, "geometry": { "type": "Point", "coordinates": [ 229432.0, 904941.0 ] } },
{ "type": "Feature", "properties": { "id": 11, "__GUID": "74df2f93-5baa-4656-9429-373eb0a1d41c", "category": "daycare", "_to_subway_reach_sr800": 0.0, "_to_subway_g_sr800": 0.0, "_to_bluebike_reach_sr800": 6.0, "_to_bluebike_g_sr800": 3.7401224600000367, "_to_bus_reach_sr800": 33.0, "_to_bus_g_sr800": 18.125991527141668, "Schools_to_Train_reach": 0.0, "Schools_to_Train_gravity": 0.0, "Schools_to_Train_knn_access": 0.0, "Schools_to_Bus_reach": 33.0, "Schools_to_Bus_gravity": 18.125991527141668, "Schools_to_Bus_knn_access": 2.0, "Schools_to_Bluebike_reach": 6.0, "Schools_to_Bluebike_gravity": 3.7401224600000367, "Schools_to_Bluebike_knn_access": 0.5, "total_knn_access": 2.5, "normalized_knn_access": 0.29411764705882354 }, "geometry": { "type": "Point", "coordinates": [ 233229.0, 901648.0 ] } },
{ "type": "Feature", "properties": { "id": 12, "__GUID": "344d199b-0006-43f9-b405-7fe67586d5b9", "category": "daycare", "_to_subway_reach_sr800": 2.0, "_to_subway_g_sr800": 1.07767503230963, "_to_bluebike_reach_sr800": 4.0, "_to_bluebike_g_sr800": 2.6184083088971639, "_to_bus_reach_sr800": 19.0, "_to_bus_g_sr800": 12.943066085282872, "Schools_to_Train_reach": 2.0, "Schools_to_Train_gravity": 1.07767503230963, "Schools_to_Train_knn_access": 6.0, "Schools_to_Bus_reach": 19.0, "Schools_to_Bus_gravity": 12.943066085282872, "Schools_to_Bus_knn_access": 2.0, "Schools_to_Bluebike_reach": 4.0, "Schools_to_Bluebike_gravity": 2.6184083088971639, "Schools_to_Bluebike_knn_access": 0.5, "total_knn_access": 8.5, "normalized_knn_access": 1.0 }, "geometry": { "type": "Point", "coordinates": [ 231038.0, 904631.0 ] } },
{ "type": "Feature", "properties": { "id": 13, "__GUID": "1a340859-1956-4cec-9610-c017262692a5", "category": "daycare", "_to_subway_reach_sr800": 1.0, "_to_subway_g_sr800": 0.59289597632297553, "_to_bluebike_reach_sr800": 7.0, "_to_bluebike_g_sr800": 3.8571138930225177, "_to_bus_reach_sr800": 46.0, "_to_bus_g_sr800": 29.590541642312242, "Schools_to_Train_reach": 1.0, "Schools_to_Train_gravity": 0.59289597632297553, "Schools_to_Train_knn_access": 6.0, "Schools_to_Bus_reach": 46.0, "Schools_to_Bus_gravity": 29.590541642312242, "Schools_to_Bus_knn_access": 2.0, "Schools_to_Bluebike_reach": 7.0, "Schools_to_Bluebike_gravity": 3.8571138930225177, "Schools_to_Bluebike_knn_access": 0.5, "total_knn_access": 8.5, "normalized_knn_access": 1.0 }, "geometry": { "type": "Point", "coordinates": [ 232898.0, 902186.0 ] } },
{ "type": "Feature", "properties": { "id": 14, "__GUID": "f871a32e-8afb-4655-b87c-2627f66664e8", "category": "daycare", "_to_subway_reach_sr800": 0.0, "_to_subway_g_sr800": 0.0, "_to_bluebike_reach_sr800": 3.0, "_to_bluebike_g_sr800": 2.1477974160366555, "_to_bus_reach_sr800": 18.0, "_to_bus_g_sr800": 10.711992258460871, "Schools_to_Train_reach": 0.0, "Schools_to_Train_gravity": 0.0, "Schools_to_Train_knn_access": 0.0, "Schools_to_Bus_reach": 18.0, "Schools_to_Bus_gravity": 10.711992258460871, "Schools_to_Bus_knn_access": 2.0, "Schools_to_Bluebike_reach": 3.0, "Schools_to_Bluebike_gravity": 2.1477974160366555, "Schools_to_Bluebike_knn_access": 0.5, "total_knn_access": 2.5, "normalized_knn_access": 0.29411764705882354 }, "geometry": { "type": "Point", "coordinates": [ 229672.0, 903820.0 ] } },
{ "type": "Feature", "properties": { "id": 15, "__GUID": "6fcdd1a2-f53b-4cd4-ad29-d719a1b7bee3", "category": "daycare", "_to_subway_reach_sr800": 0.0, "_to_subway_g_sr800": 0.0, "_to_bluebike_reach_sr800": 1.0, "_to_bluebike_g_sr800": 0.84633567188792547, "_to_bus_reach_sr800": 0.0, "_to_bus_g_sr800": 0.0, "Schools_to_Train_reach": 0.0, "Schools_to_Train_gravity": 0.0, "Schools_to_Train_knn_access": 0.0, "Schools_to_Bus_reach": 0.0, "Schools_to_Bus_gravity": 0.0, "Schools_to_Bus_knn_access": 0.0, "Schools_to_Bluebike_reach": 1.0, "Schools_to_Bluebike_gravity": 0.84633567188792547, "Schools_to_Bluebike_knn_access": 0.25, "total_knn_access": 0.25, "normalized_knn_access": 0.029411764705882353 }, "geometry": { "type": "Point", "coordinates": [ 232686.0, 900577.0 ] } },
{ "type": "Feature", "properties": { "id": 16, "__GUID": "9d19ba3b-9c44-480e-80fa-9fed71b56ca1", "category": "daycare", "_to_subway_reach_sr800": 0.0, "_to_subway_g_sr800": 0.0, "_to_bluebike_reach_sr800": 2.0, "_to_bluebike_g_sr800": 1.4726528336232776, "_to_bus_reach_sr800": 10.0, "_to_bus_g_sr800": 5.4180169361445101, "Schools_to_Train_reach": 0.0, "Schools_to_Train_gravity": 0.0, "Schools_to_Train_knn_access": 0.0, "Schools_to_Bus_reach": 10.0, "Schools_to_Bus_gravity": 5.4180169361445101, "Schools_to_Bus_knn_access": 2.0, "Schools_to_Bluebike_reach": 2.0, "Schools_to_Bluebike_gravity": 1.4726528336232776, "Schools_to_Bluebike_knn_access": 0.5, "total_knn_access": 2.5, "normalized_knn_access": 0.29411764705882354 }, "geometry": { "type": "Point", "coordinates": [ 231665.0, 901784.0 ] } },
{ "type": "Feature", "properties": { "id": 17, "__GUID": "abede3bb-d4db-425d-8780-e3a234163627", "category": "daycare", "_to_subway_reach_sr800": 1.0, "_to_subway_g_sr800": 0.4887149770807262, "_to_bluebike_reach_sr800": 4.0, "_to_bluebike_g_sr800": 2.2069796702724158, "_to_bus_reach_sr800": 23.0, "_to_bus_g_sr800": 13.733014938304445, "Schools_to_Train_reach": 1.0, "Schools_to_Train_gravity": 0.4887149770807262, "Schools_to_Train_knn_access": 6.0, "Schools_to_Bus_reach": 23.0, "Schools_to_Bus_gravity": 13.733014938304445, "Schools_to_Bus_knn_access": 2.0, "Schools_to_Bluebike_reach": 4.0, "Schools_to_Bluebike_gravity": 2.2069796702724158, "Schools_to_Bluebike_knn_access": 0.5, "total_knn_access": 8.5, "normalized_knn_access": 1.0 }, "geometry": { "type": "Point", "coordinates": [ 232022.0, 901581.0 ] } },
{ "type": "Feature", "properties": { "id": 18, "__GUID": "1cbfa663-19e8-4496-adef-3b27caa5c7a0", "category": "daycare", "_to_subway_reach_sr800": 1.0, "_to_subway_g_sr800": 0.54258568438632038, "_to_bluebike_reach_sr800": 6.0, "_to_bluebike_g_sr800": 3.4265668217669116, "_to_bus_reach_sr800": 28.0, "_to_bus_g_sr800": 16.578729173860545, "Schools_to_Train_reach": 1.0, "Schools_to_Train_gravity": 0.54258568438632038, "Schools_to_Train_knn_access": 6.0, "Schools_to_Bus_reach": 28.0, "Schools_to_Bus_gravity": 16.578729173860545, "Schools_to_Bus_knn_access": 2.0, "Schools_to_Bluebike_reach": 6.0, "Schools_to_Bluebike_gravity": 3.4265668217669116, "Schools_to_Bluebike_knn_access": 0.5, "total_knn_access": 8.5, "normalized_knn_access": 1.0 }, "geometry": { "type": "Point", "coordinates": [ 231043.0, 902961.0 ] } },
{ "type": "Feature", "properties": { "id": 19, "__GUID": "e5a136f5-0f82-4d1a-aa12-60cebaf680d2", "category": "daycare", "_to_subway_reach_sr800": 1.0, "_to_subway_g_sr800": 0.848632152199988, "_to_bluebike_reach_sr800": 3.0, "_to_bluebike_g_sr800": 2.2337084482589065, "_to_bus_reach_sr800": 5.0, "_to_bus_g_sr800": 2.930282662923902, "Schools_to_Train_reach": 1.0, "Schools_to_Train_gravity": 0.848632152199988, "Schools_to_Train_knn_access": 6.0, "Schools_to_Bus_reach": 5.0, "Schools_to_Bus_gravity": 2.930282662923902, "Schools_to_Bus_knn_access": 2.0, "Schools_to_Bluebike_reach": 3.0, "Schools_to_Bluebike_gravity": 2.2337084482589065, "Schools_to_Bluebike_knn_access": 0.5, "total_knn_access": 8.5, "normalized_knn_access": 1.0 }, "geometry": { "type": "Point", "coordinates": [ 229523.0, 905019.0 ] } },
{ "type": "Feature", "properties": { "id": 20, "__GUID": "fd1c6190-9031-41da-8ca4-b5c3a8782dd2", "category": "daycare", "_to_subway_reach_sr800": 0.0, "_to_subway_g_sr800": 0.0, "_to_bluebike_reach_sr800": 3.0, "_to_bluebike_g_sr800": 1.750344585015394, "_to_bus_reach_sr800": 28.0, "_to_bus_g_sr800": 17.064646111654124, "Schools_to_Train_reach": 0.0, "Schools_to_Train_gravity": 0.0, "Schools_to_Train_knn_access": 0.0, "Schools_to_Bus_reach": 28.0, "Schools_to_Bus_gravity": 17.064646111654124, "Schools_to_Bus_knn_access": 2.0, "Schools_to_Bluebike_reach": 3.0, "Schools_to_Bluebike_gravity": 1.750344585015394, "Schools_to_Bluebike_knn_access": 0.5, "total_knn_access": 2.5, "normalized_knn_access": 0.29411764705882354 }, "geometry": { "type": "Point", "coordinates": [ 233640.0, 902475.0 ] } },
{ "type": "Feature", "properties": { "id": 21, "__GUID": "a7d1478c-1746-4f74-9462-f3ebc1b1b27f", "category": "daycare", "_to_subway_reach_sr800": 0.0, "_to_subway_g_sr800": 0.0, "_to_bluebike_reach_sr800": 4.0, "_to_bluebike_g_sr800": 2.3699483672820043, "_to_bus_reach_sr800": 18.0, "_to_bus_g_sr800": 9.9072782335412963, "Schools_to_Train_reach": 0.0, "Schools_to_Train_gravity": 0.0, "Schools_to_Train_knn_access": 0.0, "Schools_to_Bus_reach": 18.0, "Schools_to_Bus_gravity": 9.9072782335412963, "Schools_to_Bus_knn_access": 2.0, "Schools_to_Bluebike_reach": 4.0, "Schools_to_Bluebike_gravity": 2.3699483672820043, "Schools_to_Bluebike_knn_access": 0.5, "total_knn_access": 2.5, "normalized_knn_access": 0.29411764705882354 }, "geometry": { "type": "Point", "coordinates": [ 231884.0, 901883.0 ] } },
{ "type": "Feature", "properties": { "id": 22, "__GUID": "b4157100-7345-4ece-9091-b0e9e08d7ec3", "category": "daycare", "_to_subway_reach_sr800": 1.0, "_to_subway_g_sr800": 0.75577587735948037, "_to_bluebike_reach_sr800": 4.0, "_to_bluebike_g_sr800": 2.6743168725119308, "_to_bus_reach_sr800": 18.0, "_to_bus_g_sr800": 12.006576823239193, "Schools_to_Train_reach": 1.0, "Schools_to_Train_gravity": 0.75577587735948037, "Schools_to_Train_knn_access": 6.0, "Schools_to_Bus_reach": 18.0, "Schools_to_Bus_gravity": 12.006576823239193, "Schools_to_Bus_knn_access": 2.0, "Schools_to_Bluebike_reach": 4.0, "Schools_to_Bluebike_gravity": 2.6743168725119308, "Schools_to_Bluebike_knn_access": 0.5, "total_knn_access": 8.5, "normalized_knn_access": 1.0 }, "geometry": { "type": "Point", "coordinates": [ 231208.0, 904528.0 ] } },
{ "type": "Feature", "properties": { "id": 23, "__GUID": "e32c791c-da88-45e7-8beb-4305255e103f", "category": "daycare", "_to_subway_reach_sr800": 0.0, "_to_subway_g_sr800": 0.0, "_to_bluebike_reach_sr800": 4.0, "_to_bluebike_g_sr800": 2.2816040834326876, "_to_bus_reach_sr800": 28.0, "_to_bus_g_sr800": 16.889058219078091, "Schools_to_Train_reach": 0.0, "Schools_to_Train_gravity": 0.0, "Schools_to_Train_knn_access": 0.0, "Schools_to_Bus_reach": 28.0, "Schools_to_Bus_gravity": 16.889058219078091, "Schools_to_Bus_knn_access": 2.0, "Schools_to_Bluebike_reach": 4.0, "Schools_to_Bluebike_gravity": 2.2816040834326876, "Schools_to_Bluebike_knn_access": 0.5, "total_knn_access": 2.5, "normalized_knn_access": 0.29411764705882354 }, "geometry": { "type": "Point", "coordinates": [ 233583.0, 902369.0 ] } },
{ "type": "Feature", "properties": { "id": 24, "__GUID": "b9a11820-90ea-45f9-b57e-32441d20d121", "category": "daycare", "_to_subway_reach_sr800": 1.0, "_to_subway_g_sr800": 0.69839656862712018, "_to_bluebike_reach_sr800": 7.0, "_to_bluebike_g_sr800": 4.0216130170716502, "_to_bus_reach_sr800": 35.0, "_to_bus_g_sr800": 22.161093967417898, "Schools_to_Train_reach": 1.0, "Schools_to_Train_gravity": 0.69839656862712018, "Schools_to_Train_knn_access": 6.0, "Schools_to_Bus_reach": 35.0, "Schools_to_Bus_gravity": 22.161093967417898, "Schools_to_Bus_knn_access": 2.0, "Schools_to_Bluebike_reach": 7.0, "Schools_to_Bluebike_gravity": 4.0216130170716502, "Schools_to_Bluebike_knn_access": 0.5, "total_knn_access": 8.5, "normalized_knn_access": 1.0 }, "geometry": { "type": "Point", "coordinates": [ 232823.0, 901939.0 ] } },
{ "type": "Feature", "properties": { "id": 25, "__GUID": "e50d1c01-e922-4adc-93e7-3ff3b842fad7", "category": "daycare", "_to_subway_reach_sr800": 1.0, "_to_subway_g_sr800": 0.65268093448878906, "_to_bluebike_reach_sr800": 6.0, "_to_bluebike_g_sr800": 3.4722356603466293, "_to_bus_reach_sr800": 45.0, "_to_bus_g_sr800": 27.858116757867112, "Schools_to_Train_reach": 1.0, "Schools_to_Train_gravity": 0.65268093448878906, "Schools_to_Train_knn_access": 6.0, "Schools_to_Bus_reach": 45.0, "Schools_to_Bus_gravity": 27.858116757867112, "Schools_to_Bus_knn_access": 2.0, "Schools_to_Bluebike_reach": 6.0, "Schools_to_Bluebike_gravity": 3.4722356603466293, "Schools_to_Bluebike_knn_access": 0.5, "total_knn_access": 8.5, "normalized_knn_access": 1.0 }, "geometry": { "type": "Point", "coordinates": [ 232865.0, 902043.0 ] } },
{ "type": "Feature", "properties": { "id": 26, "__GUID": "1bc29fc2-7d64-4555-9227-7fc3797a0c44", "category": "daycare", "_to_subway_reach_sr800": 0.0, "_to_subway_g_sr800": 0.0, "_to_bluebike_reach_sr800": 0.0, "_to_bluebike_g_sr800": 0.0, "_to_bus_reach_sr800": 11.0, "_to_bus_g_sr800": 6.5208406574093702, "Schools_to_Train_reach": 0.0, "Schools_to_Train_gravity": 0.0, "Schools_to_Train_knn_access": 0.0, "Schools_to_Bus_reach": 11.0, "Schools_to_Bus_gravity": 6.5208406574093702, "Schools_to_Bus_knn_access": 2.0, "Schools_to_Bluebike_reach": 0.0, "Schools_to_Bluebike_gravity": 0.0, "Schools_to_Bluebike_knn_access": 0.0, "total_knn_access": 2.0, "normalized_knn_access": 0.23529411764705882 }, "geometry": { "type": "Point", "coordinates": [ 229234.0, 904534.0 ] } },
{ "type": "Feature", "properties": { "id": 27, "__GUID": "4aecc590-1564-4457-820d-f2f288faf9b0", "category": "daycare", "_to_subway_reach_sr800": 0.0, "_to_subway_g_sr800": 0.0, "_to_bluebike_reach_sr800": 2.0, "_to_bluebike_g_sr800": 1.0348904830093344, "_to_bus_reach_sr800": 12.0, "_to_bus_g_sr800": 7.3634294584743571, "Schools_to_Train_reach": 0.0, "Schools_to_Train_gravity": 0.0, "Schools_to_Train_knn_access": 0.0, "Schools_to_Bus_reach": 12.0, "Schools_to_Bus_gravity": 7.3634294584743571, "Schools_to_Bus_knn_access": 2.0, "Schools_to_Bluebike_reach": 2.0, "Schools_to_Bluebike_gravity": 1.0348904830093344, "Schools_to_Bluebike_knn_access": 0.5, "total_knn_access": 2.5, "normalized_knn_access": 0.29411764705882354 }, "geometry": { "type": "Point", "coordinates": [ 234066.0, 902187.0 ] } },
{ "type": "Feature", "properties": { "id": 28, "__GUID": "b55b2b66-340c-4363-bcf6-75e9b7f70d00", "category": "daycare", "_to_subway_reach_sr800": 1.0, "_to_subway_g_sr800": 0.62905477656503284, "_to_bluebike_reach_sr800": 8.0, "_to_bluebike_g_sr800": 4.9318444236131871, "_to_bus_reach_sr800": 26.0, "_to_bus_g_sr800": 15.916682856304448, "Schools_to_Train_reach": 1.0, "Schools_to_Train_gravity": 0.62905477656503284, "Schools_to_Train_knn_access": 6.0, "Schools_to_Bus_reach": 26.0, "Schools_to_Bus_gravity": 15.916682856304448, "Schools_to_Bus_knn_access": 2.0, "Schools_to_Bluebike_reach": 8.0, "Schools_to_Bluebike_gravity": 4.9318444236131871, "Schools_to_Bluebike_knn_access": 0.5, "total_knn_access": 8.5, "normalized_knn_access": 1.0 }, "geometry": { "type": "Point", "coordinates": [ 232805.0, 901451.0 ] } },
{ "type": "Feature", "properties": { "id": 29, "__GUID": "cbc6227d-f5e0-41c5-bcf5-8cb6b86e7044", "category": "daycare", "_to_subway_reach_sr800": 1.0, "_to_subway_g_sr800": 0.46281103599766815, "_to_bluebike_reach_sr800": 7.0, "_to_bluebike_g_sr800": 4.3347017828335135, "_to_bus_reach_sr800": 1.0, "_to_bus_g_sr800": 0.48599052728209557, "Schools_to_Train_reach": 1.0, "Schools_to_Train_gravity": 0.46281103599766815, "Schools_to_Train_knn_access": 6.0, "Schools_to_Bus_reach": 1.0, "Schools_to_Bus_gravity": 0.48599052728209557, "Schools_to_Bus_knn_access": 0.75, "Schools_to_Bluebike_reach": 7.0, "Schools_to_Bluebike_gravity": 4.3347017828335135, "Schools_to_Bluebike_knn_access": 0.5, "total_knn_access": 7.25, "normalized_knn_access": 0.8529411764705882 }, "geometry": { "type": "Point", "coordinates": [ 234829.0, 901879.0 ] } },
{ "type": "Feature", "properties": { "id": 30, "__GUID": "bd31e46f-131c-4abc-b60b-70c8647eb158", "category": "daycare", "_to_subway_reach_sr800": 1.0, "_to_subway_g_sr800": 0.73227732825499814, "_to_bluebike_reach_sr800": 3.0, "_to_bluebike_g_sr800": 2.0869839370735606, "_to_bus_reach_sr800": 2.0, "_to_bus_g_sr800": 0.98759294169198286, "Schools_to_Train_reach": 1.0, "Schools_to_Train_gravity": 0.73227732825499814, "Schools_to_Train_knn_access": 6.0, "Schools_to_Bus_reach": 2.0, "Schools_to_Bus_gravity": 0.98759294169198286, "Schools_to_Bus_knn_access": 1.25, "Schools_to_Bluebike_reach": 3.0, "Schools_to_Bluebike_gravity": 2.0869839370735606, "Schools_to_Bluebike_knn_access": 0.5, "total_knn_access": 7.75, "normalized_knn_access": 0.91176470588235292 }, "geometry": { "type": "Point", "coordinates": [ 229233.0, 904939.0 ] } },
{ "type": "Feature", "properties": { "id": 31, "__GUID": "b48e1fa8-0381-4a94-bb2e-e6874d64157d", "category": "daycare", "_to_subway_reach_sr800": 1.0, "_to_subway_g_sr800": 0.46040964065188811, "_to_bluebike_reach_sr800": 2.0, "_to_bluebike_g_sr800": 1.0068184728101155, "_to_bus_reach_sr800": 14.0, "_to_bus_g_sr800": 10.327444189698147, "Schools_to_Train_reach": 1.0, "Schools_to_Train_gravity": 0.46040964065188811, "Schools_to_Train_knn_access": 6.0, "Schools_to_Bus_reach": 14.0, "Schools_to_Bus_gravity": 10.327444189698147, "Schools_to_Bus_knn_access": 2.0, "Schools_to_Bluebike_reach": 2.0, "Schools_to_Bluebike_gravity": 1.0068184728101155, "Schools_to_Bluebike_knn_access": 0.5, "total_knn_access": 8.5, "normalized_knn_access": 1.0 }, "geometry": { "type": "Point", "coordinates": [ 234243.0, 902445.0 ] } },
{ "type": "Feature", "properties": { "id": 32, "__GUID": "a3ef5f01-61c5-4742-91b8-ca70f995027c", "category": "daycare", "_to_subway_reach_sr800": 0.0, "_to_subway_g_sr800": 0.0, "_to_bluebike_reach_sr800": 2.0, "_to_bluebike_g_sr800": 1.0139573907834385, "_to_bus_reach_sr800": 18.0, "_to_bus_g_sr800": 12.207503074693289, "Schools_to_Train_reach": 0.0, "Schools_to_Train_gravity": 0.0, "Schools_to_Train_knn_access": 0.0, "Schools_to_Bus_reach": 18.0, "Schools_to_Bus_gravity": 12.207503074693289, "Schools_to_Bus_knn_access": 2.0, "Schools_to_Bluebike_reach": 2.0, "Schools_to_Bluebike_gravity": 1.0139573907834385, "Schools_to_Bluebike_knn_access": 0.5, "total_knn_access": 2.5, "normalized_knn_access": 0.29411764705882354 }, "geometry": { "type": "Point", "coordinates": [ 233997.0, 902484.0 ] } },
{ "type": "Feature", "properties": { "id": 33, "__GUID": "e9cdb863-52f1-4591-bf96-077c34352be3", "category": "daycare", "_to_subway_reach_sr800": 1.0, "_to_subway_g_sr800": 0.75834231636660665, "_to_bluebike_reach_sr800": 10.0, "_to_bluebike_g_sr800": 6.7603428537029941, "_to_bus_reach_sr800": 8.0, "_to_bus_g_sr800": 4.6677705570734789, "Schools_to_Train_reach": 1.0, "Schools_to_Train_gravity": 0.75834231636660665, "Schools_to_Train_knn_access": 6.0, "Schools_to_Bus_reach": 8.0, "Schools_to_Bus_gravity": 4.6677705570734789, "Schools_to_Bus_knn_access": 2.0, "Schools_to_Bluebike_reach": 10.0, "Schools_to_Bluebike_gravity": 6.7603428537029941, "Schools_to_Bluebike_knn_access": 0.5, "total_knn_access": 8.5, "normalized_knn_access": 1.0 }, "geometry": { "type": "Point", "coordinates": [ 234162.0, 901527.0 ] } },
{ "type": "Feature", "properties": { "id": 34, "__GUID": "5d9da4c2-ddcf-484a-8e89-286145aa5074", "category": "daycare", "_to_subway_reach_sr800": 1.0, "_to_subway_g_sr800": 0.81164185466925742, "_to_bluebike_reach_sr800": 9.0, "_to_bluebike_g_sr800": 5.9081925574902447, "_to_bus_reach_sr800": 4.0, "_to_bus_g_sr800": 2.2985630994040744, "Schools_to_Train_reach": 1.0, "Schools_to_Train_gravity": 0.81164185466925742, "Schools_to_Train_knn_access": 6.0, "Schools_to_Bus_reach": 4.0, "Schools_to_Bus_gravity": 2.2985630994040744, "Schools_to_Bus_knn_access": 1.75, "Schools_to_Bluebike_reach": 9.0, "Schools_to_Bluebike_gravity": 5.9081925574902447, "Schools_to_Bluebike_knn_access": 0.5, "total_knn_access": 8.25, "normalized_knn_access": 0.97058823529411764 }, "geometry": { "type": "Point", "coordinates": [ 234274.0, 901327.0 ] } },
{ "type": "Feature", "properties": { "id": 35, "__GUID": "2379bf31-eae1-4b17-8b78-c1104ad00a5c", "category": "daycare", "_to_subway_reach_sr800": 1.0, "_to_subway_g_sr800": 0.78800436559378784, "_to_bluebike_reach_sr800": 9.0, "_to_bluebike_g_sr800": 5.1689171498309499, "_to_bus_reach_sr800": 37.0, "_to_bus_g_sr800": 22.82216003260832, "Schools_to_Train_reach": 1.0, "Schools_to_Train_gravity": 0.78800436559378784, "Schools_to_Train_knn_access": 6.0, "Schools_to_Bus_reach": 37.0, "Schools_to_Bus_gravity": 22.82216003260832, "Schools_to_Bus_knn_access": 2.0, "Schools_to_Bluebike_reach": 9.0, "Schools_to_Bluebike_gravity": 5.1689171498309499, "Schools_to_Bluebike_knn_access": 0.5, "total_knn_access": 8.5, "normalized_knn_access": 1.0 }, "geometry": { "type": "Point", "coordinates": [ 232806.0, 901763.0 ] } },
{ "type": "Feature", "properties": { "id": 36, "__GUID": "1048fdb2-41be-4b70-9282-6e5ac912e9f5", "category": "daycare", "_to_subway_reach_sr800": 1.0, "_to_subway_g_sr800": 0.56594743879608567, "_to_bluebike_reach_sr800": 4.0, "_to_bluebike_g_sr800": 2.4090884438726308, "_to_bus_reach_sr800": 27.0, "_to_bus_g_sr800": 16.389727783892926, "Schools_to_Train_reach": 1.0, "Schools_to_Train_gravity": 0.56594743879608567, "Schools_to_Train_knn_access": 6.0, "Schools_to_Bus_reach": 27.0, "Schools_to_Bus_gravity": 16.389727783892926, "Schools_to_Bus_knn_access": 2.0, "Schools_to_Bluebike_reach": 4.0, "Schools_to_Bluebike_gravity": 2.4090884438726308, "Schools_to_Bluebike_knn_access": 0.5, "total_knn_access": 8.5, "normalized_knn_access": 1.0 }, "geometry": { "type": "Point", "coordinates": [ 232270.0, 901462.0 ] } },
{ "type": "Feature", "properties": { "id": 37, "__GUID": "b2d235bc-f07f-4715-a1a1-085f9726ff7b", "category": "daycare", "_to_subway_reach_sr800": 1.0, "_to_subway_g_sr800": 0.4715650935266294, "_to_bluebike_reach_sr800": 3.0, "_to_bluebike_g_sr800": 1.9651543495618606, "_to_bus_reach_sr800": 20.0, "_to_bus_g_sr800": 13.522277062912503, "Schools_to_Train_reach": 1.0, "Schools_to_Train_gravity": 0.4715650935266294, "Schools_to_Train_knn_access": 6.0, "Schools_to_Bus_reach": 20.0, "Schools_to_Bus_gravity": 13.522277062912503, "Schools_to_Bus_knn_access": 2.0, "Schools_to_Bluebike_reach": 3.0, "Schools_to_Bluebike_gravity": 1.9651543495618606, "Schools_to_Bluebike_knn_access": 0.5, "total_knn_access": 8.5, "normalized_knn_access": 1.0 }, "geometry": { "type": "Point", "coordinates": [ 230603.0, 904716.0 ] } },
{ "type": "Feature", "properties": { "id": 38, "__GUID": "15c18d50-abe3-4594-99a7-d5a740be5b6d", "category": "daycare", "_to_subway_reach_sr800": 1.0, "_to_subway_g_sr800": 0.59547864036587217, "_to_bluebike_reach_sr800": 8.0, "_to_bluebike_g_sr800": 4.8771765366458508, "_to_bus_reach_sr800": 11.0, "_to_bus_g_sr800": 6.2416850552352638, "Schools_to_Train_reach": 1.0, "Schools_to_Train_gravity": 0.59547864036587217, "Schools_to_Train_knn_access": 6.0, "Schools_to_Bus_reach": 11.0, "Schools_to_Bus_gravity": 6.2416850552352638, "Schools_to_Bus_knn_access": 2.0, "Schools_to_Bluebike_reach": 8.0, "Schools_to_Bluebike_gravity": 4.8771765366458508, "Schools_to_Bluebike_knn_access": 0.5, "total_knn_access": 8.5, "normalized_knn_access": 1.0 }, "geometry": { "type": "Point", "coordinates": [ 233695.0, 901318.0 ] } },
{ "type": "Feature", "properties": { "id": 39, "__GUID": "33ec358c-05f7-43c9-a086-cb6cc036c2ad", "category": "daycare", "_to_subway_reach_sr800": 1.0, "_to_subway_g_sr800": 0.5119092102181606, "_to_bluebike_reach_sr800": 5.0, "_to_bluebike_g_sr800": 2.8534667371568943, "_to_bus_reach_sr800": 17.0, "_to_bus_g_sr800": 9.9185328330526783, "Schools_to_Train_reach": 1.0, "Schools_to_Train_gravity": 0.5119092102181606, "Schools_to_Train_knn_access": 6.0, "Schools_to_Bus_reach": 17.0, "Schools_to_Bus_gravity": 9.9185328330526783, "Schools_to_Bus_knn_access": 2.0, "Schools_to_Bluebike_reach": 5.0, "Schools_to_Bluebike_gravity": 2.8534667371568943, "Schools_to_Bluebike_knn_access": 0.5, "total_knn_access": 8.5, "normalized_knn_access": 1.0 }, "geometry": { "type": "Point", "coordinates": [ 231298.0, 903619.0 ] } },
{ "type": "Feature", "properties": { "id": 40, "__GUID": "1d262332-f810-48c9-a473-65ad3d19ceab", "category": "daycare", "_to_subway_reach_sr800": 1.0, "_to_subway_g_sr800": 0.58997104459908301, "_to_bluebike_reach_sr800": 8.0, "_to_bluebike_g_sr800": 4.6554760878594168, "_to_bus_reach_sr800": 25.0, "_to_bus_g_sr800": 14.298203711602048, "Schools_to_Train_reach": 1.0, "Schools_to_Train_gravity": 0.58997104459908301, "Schools_to_Train_knn_access": 6.0, "Schools_to_Bus_reach": 25.0, "Schools_to_Bus_gravity": 14.298203711602048, "Schools_to_Bus_knn_access": 2.0, "Schools_to_Bluebike_reach": 8.0, "Schools_to_Bluebike_gravity": 4.6554760878594168, "Schools_to_Bluebike_knn_access": 0.5, "total_knn_access": 8.5, "normalized_knn_access": 1.0 }, "geometry": { "type": "Point", "coordinates": [ 231608.0, 902280.0 ] } },
{ "type": "Feature", "properties": { "id": 41, "__GUID": "655abd27-cd9b-4feb-ac64-f7895f301383", "category": "daycare", "_to_subway_reach_sr800": 0.0, "_to_subway_g_sr800": 0.0, "_to_bluebike_reach_sr800": 3.0, "_to_bluebike_g_sr800": 1.6848688979807771, "_to_bus_reach_sr800": 13.0, "_to_bus_g_sr800": 7.0417764717690474, "Schools_to_Train_reach": 0.0, "Schools_to_Train_gravity": 0.0, "Schools_to_Train_knn_access": 0.0, "Schools_to_Bus_reach": 13.0, "Schools_to_Bus_gravity": 7.0417764717690474, "Schools_to_Bus_knn_access": 2.0, "Schools_to_Bluebike_reach": 3.0, "Schools_to_Bluebike_gravity": 1.6848688979807771, "Schools_to_Bluebike_knn_access": 0.5, "total_knn_access": 2.5, "normalized_knn_access": 0.29411764705882354 }, "geometry": { "type": "Point", "coordinates": [ 231882.0, 903253.0 ] } },
{ "type": "Feature", "properties": { "id": 42, "__GUID": "da699177-8626-46dd-a73b-936196dfcdf9", "category": "daycare", "_to_subway_reach_sr800": 0.0, "_to_subway_g_sr800": 0.0, "_to_bluebike_reach_sr800": 0.0, "_to_bluebike_g_sr800": 0.0, "_to_bus_reach_sr800": 18.0, "_to_bus_g_sr800": 11.488087700601714, "Schools_to_Train_reach": 0.0, "Schools_to_Train_gravity": 0.0, "Schools_to_Train_knn_access": 0.0, "Schools_to_Bus_reach": 18.0, "Schools_to_Bus_gravity": 11.488087700601714, "Schools_to_Bus_knn_access": 2.0, "Schools_to_Bluebike_reach": 0.0, "Schools_to_Bluebike_gravity": 0.0, "Schools_to_Bluebike_knn_access": 0.0, "total_knn_access": 2.0, "normalized_knn_access": 0.23529411764705882 }, "geometry": { "type": "Point", "coordinates": [ 228625.0, 904511.0 ] } },
{ "type": "Feature", "properties": { "id": 43, "__GUID": "7350a565-a6f4-43d3-bd00-6c5de5351c18", "category": "daycare", "_to_subway_reach_sr800": 0.0, "_to_subway_g_sr800": 0.0, "_to_bluebike_reach_sr800": 2.0, "_to_bluebike_g_sr800": 1.3230532495648686, "_to_bus_reach_sr800": 9.0, "_to_bus_g_sr800": 5.5942710596023009, "Schools_to_Train_reach": 0.0, "Schools_to_Train_gravity": 0.0, "Schools_to_Train_knn_access": 0.0, "Schools_to_Bus_reach": 9.0, "Schools_to_Bus_gravity": 5.5942710596023009, "Schools_to_Bus_knn_access": 2.0, "Schools_to_Bluebike_reach": 2.0, "Schools_to_Bluebike_gravity": 1.3230532495648686, "Schools_to_Bluebike_knn_access": 0.5, "total_knn_access": 2.5, "normalized_knn_access": 0.29411764705882354 }, "geometry": { "type": "Point", "coordinates": [ 231890.0, 900702.0 ] } },
{ "type": "Feature", "properties": { "id": 44, "__GUID": "bac1695b-b5d0-45a1-accc-57c849655ae0", "category": "daycare", "_to_subway_reach_sr800": 0.0, "_to_subway_g_sr800": 0.0, "_to_bluebike_reach_sr800": 7.0, "_to_bluebike_g_sr800": 4.0748052702267721, "_to_bus_reach_sr800": 35.0, "_to_bus_g_sr800": 21.169775881796284, "Schools_to_Train_reach": 0.0, "Schools_to_Train_gravity": 0.0, "Schools_to_Train_knn_access": 0.0, "Schools_to_Bus_reach": 35.0, "Schools_to_Bus_gravity": 21.169775881796284, "Schools_to_Bus_knn_access": 2.0, "Schools_to_Bluebike_reach": 7.0, "Schools_to_Bluebike_gravity": 4.0748052702267721, "Schools_to_Bluebike_knn_access": 0.5, "total_knn_access": 2.5, "normalized_knn_access": 0.29411764705882354 }, "geometry": { "type": "Point", "coordinates": [ 233284.0, 901873.0 ] } },
{ "type": "Feature", "properties": { "id": 45, "__GUID": "0f3d0583-8b8f-4288-b65e-a25c4089fce8", "category": "daycare", "_to_subway_reach_sr800": 1.0, "_to_subway_g_sr800": 0.49183982303564505, "_to_bluebike_reach_sr800": 6.0, "_to_bluebike_g_sr800": 3.6938476353097673, "_to_bus_reach_sr800": 33.0, "_to_bus_g_sr800": 17.750786632915364, "Schools_to_Train_reach": 1.0, "Schools_to_Train_gravity": 0.49183982303564505, "Schools_to_Train_knn_access": 6.0, "Schools_to_Bus_reach": 33.0, "Schools_to_Bus_gravity": 17.750786632915364, "Schools_to_Bus_knn_access": 2.0, "Schools_to_Bluebike_reach": 6.0, "Schools_to_Bluebike_gravity": 3.6938476353097673, "Schools_to_Bluebike_knn_access": 0.5, "total_knn_access": 8.5, "normalized_knn_access": 1.0 }, "geometry": { "type": "Point", "coordinates": [ 233156.0, 901654.0 ] } },
{ "type": "Feature", "properties": { "id": 46, "__GUID": "c8f55b85-5e14-42cb-a0a8-c52f6295714c", "category": "daycare", "_to_subway_reach_sr800": 0.0, "_to_subway_g_sr800": 0.0, "_to_bluebike_reach_sr800": 4.0, "_to_bluebike_g_sr800": 2.3676744681767827, "_to_bus_reach_sr800": 18.0, "_to_bus_g_sr800": 9.9003732489090837, "Schools_to_Train_reach": 0.0, "Schools_to_Train_gravity": 0.0, "Schools_to_Train_knn_access": 0.0, "Schools_to_Bus_reach": 18.0, "Schools_to_Bus_gravity": 9.9003732489090837, "Schools_to_Bus_knn_access": 2.0, "Schools_to_Bluebike_reach": 4.0, "Schools_to_Bluebike_gravity": 2.3676744681767827, "Schools_to_Bluebike_knn_access": 0.5, "total_knn_access": 2.5, "normalized_knn_access": 0.29411764705882354 }, "geometry": { "type": "Point", "coordinates": [ 231885.0, 901871.0 ] } },
{ "type": "Feature", "properties": { "id": 47, "__GUID": "49d45e5f-b71f-484e-accf-c235e2ba14f3", "category": "daycare", "_to_subway_reach_sr800": 0.0, "_to_subway_g_sr800": 0.0, "_to_bluebike_reach_sr800": 2.0, "_to_bluebike_g_sr800": 1.0458421945420986, "_to_bus_reach_sr800": 9.0, "_to_bus_g_sr800": 5.1230559639761264, "Schools_to_Train_reach": 0.0, "Schools_to_Train_gravity": 0.0, "Schools_to_Train_knn_access": 0.0, "Schools_to_Bus_reach": 9.0, "Schools_to_Bus_gravity": 5.1230559639761264, "Schools_to_Bus_knn_access": 2.0, "Schools_to_Bluebike_reach": 2.0, "Schools_to_Bluebike_gravity": 1.0458421945420986, "Schools_to_Bluebike_knn_access": 0.5, "total_knn_access": 2.5, "normalized_knn_access": 0.29411764705882354 }, "geometry": { "type": "Point", "coordinates": [ 231683.0, 901214.0 ] } },
{ "type": "Feature", "properties": { "id": 48, "__GUID": "423690aa-ea19-4da9-a874-e9c1d60bf710", "category": "daycare", "_to_subway_reach_sr800": 0.0, "_to_subway_g_sr800": 0.0, "_to_bluebike_reach_sr800": 4.0, "_to_bluebike_g_sr800": 2.6228166660450851, "_to_bus_reach_sr800": 35.0, "_to_bus_g_sr800": 22.150541598655888, "Schools_to_Train_reach": 0.0, "Schools_to_Train_gravity": 0.0, "Schools_to_Train_knn_access": 0.0, "Schools_to_Bus_reach": 35.0, "Schools_to_Bus_gravity": 22.150541598655888, "Schools_to_Bus_knn_access": 2.0, "Schools_to_Bluebike_reach": 4.0, "Schools_to_Bluebike_gravity": 2.6228166660450851, "Schools_to_Bluebike_knn_access": 0.5, "total_knn_access": 2.5, "normalized_knn_access": 0.29411764705882354 }, "geometry": { "type": "Point", "coordinates": [ 232790.0, 902642.0 ] } },
{ "type": "Feature", "properties": { "id": 49, "__GUID": "b275d239-5209-4a13-a3a5-69bd8a2d9c9f", "category": "daycare", "_to_subway_reach_sr800": 1.0, "_to_subway_g_sr800": 0.48004079886664808, "_to_bluebike_reach_sr800": 4.0, "_to_bluebike_g_sr800": 2.1320754553465306, "_to_bus_reach_sr800": 10.0, "_to_bus_g_sr800": 7.4425175020139953, "Schools_to_Train_reach": 1.0, "Schools_to_Train_gravity": 0.48004079886664808, "Schools_to_Train_knn_access": 6.0, "Schools_to_Bus_reach": 10.0, "Schools_to_Bus_gravity": 7.4425175020139953, "Schools_to_Bus_knn_access": 2.0, "Schools_to_Bluebike_reach": 4.0, "Schools_to_Bluebike_gravity": 2.1320754553465306, "Schools_to_Bluebike_knn_access": 0.5, "total_knn_access": 8.5, "normalized_knn_access": 1.0 }, "geometry": { "type": "Point", "coordinates": [ 230018.0, 904840.0 ] } },
{ "type": "Feature", "properties": { "id": 50, "__GUID": "709e67c3-85d3-4351-8bd0-f3e2a21d7d3a", "category": "daycare", "_to_subway_reach_sr800": 0.0, "_to_subway_g_sr800": 0.0, "_to_bluebike_reach_sr800": 3.0, "_to_bluebike_g_sr800": 1.6832640186287675, "_to_bus_reach_sr800": 13.0, "_to_bus_g_sr800": 7.0445521176305501, "Schools_to_Train_reach": 0.0, "Schools_to_Train_gravity": 0.0, "Schools_to_Train_knn_access": 0.0, "Schools_to_Bus_reach": 13.0, "Schools_to_Bus_gravity": 7.0445521176305501, "Schools_to_Bus_knn_access": 2.0, "Schools_to_Bluebike_reach": 3.0, "Schools_to_Bluebike_gravity": 1.6832640186287675, "Schools_to_Bluebike_knn_access": 0.5, "total_knn_access": 2.5, "normalized_knn_access": 0.29411764705882354 }, "geometry": { "type": "Point", "coordinates": [ 231883.0, 903259.0 ] } },
{ "type": "Feature", "properties": { "id": 51, "__GUID": "734e8844-7ee6-413d-b3b8-47a0ca379092", "category": "daycare", "_to_subway_reach_sr800": 1.0, "_to_subway_g_sr800": 0.47485592681838606, "_to_bluebike_reach_sr800": 3.0, "_to_bluebike_g_sr800": 1.9663325436542023, "_to_bus_reach_sr800": 20.0, "_to_bus_g_sr800": 13.544804626824428, "Schools_to_Train_reach": 1.0, "Schools_to_Train_gravity": 0.47485592681838606, "Schools_to_Train_knn_access": 6.0, "Schools_to_Bus_reach": 20.0, "Schools_to_Bus_gravity": 13.544804626824428, "Schools_to_Bus_knn_access": 2.0, "Schools_to_Bluebike_reach": 3.0, "Schools_to_Bluebike_gravity": 1.9663325436542023, "Schools_to_Bluebike_knn_access": 0.5, "total_knn_access": 8.5, "normalized_knn_access": 1.0 }, "geometry": { "type": "Point", "coordinates": [ 230609.0, 904712.0 ] } },
{ "type": "Feature", "properties": { "id": 52, "__GUID": "52904050-8693-4dc8-bf61-d3652b5e40e1", "category": "daycare", "_to_subway_reach_sr800": 1.0, "_to_subway_g_sr800": 0.64432807186010077, "_to_bluebike_reach_sr800": 6.0, "_to_bluebike_g_sr800": 3.5534659584062211, "_to_bus_reach_sr800": 24.0, "_to_bus_g_sr800": 14.396168986785295, "Schools_to_Train_reach": 1.0, "Schools_to_Train_gravity": 0.64432807186010077, "Schools_to_Train_knn_access": 6.0, "Schools_to_Bus_reach": 24.0, "Schools_to_Bus_gravity": 14.396168986785295, "Schools_to_Bus_knn_access": 2.0, "Schools_to_Bluebike_reach": 6.0, "Schools_to_Bluebike_gravity": 3.5534659584062211, "Schools_to_Bluebike_knn_access": 0.5, "total_knn_access": 8.5, "normalized_knn_access": 1.0 }, "geometry": { "type": "Point", "coordinates": [ 231242.0, 902789.0 ] } },
{ "type": "Feature", "properties": { "id": 53, "__GUID": "5eb6c04c-ab14-42b9-972d-233ef4f4e847", "category": "daycare", "_to_subway_reach_sr800": 0.0, "_to_subway_g_sr800": 0.0, "_to_bluebike_reach_sr800": 2.0, "_to_bluebike_g_sr800": 1.1926475537572703, "_to_bus_reach_sr800": 14.0, "_to_bus_g_sr800": 8.5093183314919809, "Schools_to_Train_reach": 0.0, "Schools_to_Train_gravity": 0.0, "Schools_to_Train_knn_access": 0.0, "Schools_to_Bus_reach": 14.0, "Schools_to_Bus_gravity": 8.5093183314919809, "Schools_to_Bus_knn_access": 2.0, "Schools_to_Bluebike_reach": 2.0, "Schools_to_Bluebike_gravity": 1.1926475537572703, "Schools_to_Bluebike_knn_access": 0.5, "total_knn_access": 2.5, "normalized_knn_access": 0.29411764705882354 }, "geometry": { "type": "Point", "coordinates": [ 228613.0, 903116.0 ] } },
{ "type": "Feature", "properties": { "id": 54, "__GUID": "ccde7caf-3bae-4490-8e9b-133c5a1d40b9", "category": "daycare", "_to_subway_reach_sr800": 0.0, "_to_subway_g_sr800": 0.0, "_to_bluebike_reach_sr800": 8.0, "_to_bluebike_g_sr800": 4.3230614253192883, "_to_bus_reach_sr800": 45.0, "_to_bus_g_sr800": 26.79474475503449, "Schools_to_Train_reach": 0.0, "Schools_to_Train_gravity": 0.0, "Schools_to_Train_knn_access": 0.0, "Schools_to_Bus_reach": 45.0, "Schools_to_Bus_gravity": 26.79474475503449, "Schools_to_Bus_knn_access": 2.0, "Schools_to_Bluebike_reach": 8.0, "Schools_to_Bluebike_gravity": 4.3230614253192883, "Schools_to_Bluebike_knn_access": 0.5, "total_knn_access": 2.5, "normalized_knn_access": 0.29411764705882354 }, "geometry": { "type": "Point", "coordinates": [ 233120.0, 902158.0 ] } },
{ "type": "Feature", "properties": { "id": 55, "__GUID": "f7cab844-f587-405c-afe8-815b418de983", "category": "daycare", "_to_subway_reach_sr800": 0.0, "_to_subway_g_sr800": 0.0, "_to_bluebike_reach_sr800": 3.0, "_to_bluebike_g_sr800": 1.5991030587090411, "_to_bus_reach_sr800": 14.0, "_to_bus_g_sr800": 7.4118681033399776, "Schools_to_Train_reach": 0.0, "Schools_to_Train_gravity": 0.0, "Schools_to_Train_knn_access": 0.0, "Schools_to_Bus_reach": 14.0, "Schools_to_Bus_gravity": 7.4118681033399776, "Schools_to_Bus_knn_access": 2.0, "Schools_to_Bluebike_reach": 3.0, "Schools_to_Bluebike_gravity": 1.5991030587090411, "Schools_to_Bluebike_knn_access": 0.5, "total_knn_access": 2.5, "normalized_knn_access": 0.29411764705882354 }, "geometry": { "type": "Point", "coordinates": [ 230996.0, 903657.0 ] } },
{ "type": "Feature", "properties": { "id": 56, "__GUID": "f0cb7df3-1595-4525-ba25-c0e6444a3fcc", "category": "daycare", "_to_subway_reach_sr800": 0.0, "_to_subway_g_sr800": 0.0, "_to_bluebike_reach_sr800": 4.0, "_to_bluebike_g_sr800": 2.0180895389353002, "_to_bus_reach_sr800": 10.0, "_to_bus_g_sr800": 6.4075047641927494, "Schools_to_Train_reach": 0.0, "Schools_to_Train_gravity": 0.0, "Schools_to_Train_knn_access": 0.0, "Schools_to_Bus_reach": 10.0, "Schools_to_Bus_gravity": 6.4075047641927494, "Schools_to_Bus_knn_access": 2.0, "Schools_to_Bluebike_reach": 4.0, "Schools_to_Bluebike_gravity": 2.0180895389353002, "Schools_to_Bluebike_knn_access": 0.5, "total_knn_access": 2.5, "normalized_knn_access": 0.29411764705882354 }, "geometry": { "type": "Point", "coordinates": [ 234340.0, 902187.0 ] } },
{ "type": "Feature", "properties": { "id": 57, "__GUID": "441e0fbe-7ae1-47cf-b20e-eb503a9cccd6", "category": "daycare", "_to_subway_reach_sr800": 0.0, "_to_subway_g_sr800": 0.0, "_to_bluebike_reach_sr800": 0.0, "_to_bluebike_g_sr800": 0.0, "_to_bus_reach_sr800": 16.0, "_to_bus_g_sr800": 10.849460468408104, "Schools_to_Train_reach": 0.0, "Schools_to_Train_gravity": 0.0, "Schools_to_Train_knn_access": 0.0, "Schools_to_Bus_reach": 16.0, "Schools_to_Bus_gravity": 10.849460468408104, "Schools_to_Bus_knn_access": 2.0, "Schools_to_Bluebike_reach": 0.0, "Schools_to_Bluebike_gravity": 0.0, "Schools_to_Bluebike_knn_access": 0.0, "total_knn_access": 2.0, "normalized_knn_access": 0.23529411764705882 }, "geometry": { "type": "Point", "coordinates": [ 228386.0, 904618.0 ] } },
{ "type": "Feature", "properties": { "id": 58, "__GUID": "71b1f5eb-b423-429c-8b56-8fd71632fe23", "category": "daycare", "_to_subway_reach_sr800": 0.0, "_to_subway_g_sr800": 0.0, "_to_bluebike_reach_sr800": 4.0, "_to_bluebike_g_sr800": 2.0263495132874794, "_to_bus_reach_sr800": 10.0, "_to_bus_g_sr800": 6.1562461606964405, "Schools_to_Train_reach": 0.0, "Schools_to_Train_gravity": 0.0, "Schools_to_Train_knn_access": 0.0, "Schools_to_Bus_reach": 10.0, "Schools_to_Bus_gravity": 6.1562461606964405, "Schools_to_Bus_knn_access": 2.0, "Schools_to_Bluebike_reach": 4.0, "Schools_to_Bluebike_gravity": 2.0263495132874794, "Schools_to_Bluebike_knn_access": 0.5, "total_knn_access": 2.5, "normalized_knn_access": 0.29411764705882354 }, "geometry": { "type": "Point", "coordinates": [ 232308.0, 900748.0 ] } },
{ "type": "Feature", "properties": { "id": 59, "__GUID": "6404b6c6-944d-4176-8c64-59c512c74ef6", "category": "daycare", "_to_subway_reach_sr800": 0.0, "_to_subway_g_sr800": 0.0, "_to_bluebike_reach_sr800": 3.0, "_to_bluebike_g_sr800": 1.6345436550618833, "_to_bus_reach_sr800": 14.0, "_to_bus_g_sr800": 7.885006690453471, "Schools_to_Train_reach": 0.0, "Schools_to_Train_gravity": 0.0, "Schools_to_Train_knn_access": 0.0, "Schools_to_Bus_reach": 14.0, "Schools_to_Bus_gravity": 7.885006690453471, "Schools_to_Bus_knn_access": 2.0, "Schools_to_Bluebike_reach": 3.0, "Schools_to_Bluebike_gravity": 1.6345436550618833, "Schools_to_Bluebike_knn_access": 0.5, "total_knn_access": 2.5, "normalized_knn_access": 0.29411764705882354 }, "geometry": { "type": "Point", "coordinates": [ 230273.0, 903987.0 ] } },
{ "type": "Feature", "properties": { "id": 60, "__GUID": "f7520c50-fadf-415a-a58c-f8668e4a5605", "category": "daycare", "_to_subway_reach_sr800": 1.0, "_to_subway_g_sr800": 0.72051511933417833, "_to_bluebike_reach_sr800": 5.0, "_to_bluebike_g_sr800": 3.0244691973162294, "_to_bus_reach_sr800": 36.0, "_to_bus_g_sr800": 21.630870432004219, "Schools_to_Train_reach": 1.0, "Schools_to_Train_gravity": 0.72051511933417833, "Schools_to_Train_knn_access": 6.0, "Schools_to_Bus_reach": 36.0, "Schools_to_Bus_gravity": 21.630870432004219, "Schools_to_Bus_knn_access": 2.0, "Schools_to_Bluebike_reach": 5.0, "Schools_to_Bluebike_gravity": 3.0244691973162294, "Schools_to_Bluebike_knn_access": 0.5, "total_knn_access": 8.5, "normalized_knn_access": 1.0 }, "geometry": { "type": "Point", "coordinates": [ 232402.0, 901880.0 ] } },
{ "type": "Feature", "properties": { "id": 61, "__GUID": "803c0ed0-0ee7-473d-aae7-627b18b5e6ef", "category": "daycare", "_to_subway_reach_sr800": 1.0, "_to_subway_g_sr800": 0.47629156188873539, "_to_bluebike_reach_sr800": 6.0, "_to_bluebike_g_sr800": 3.6967414518845207, "_to_bus_reach_sr800": 32.0, "_to_bus_g_sr800": 17.615779925833962, "Schools_to_Train_reach": 1.0, "Schools_to_Train_gravity": 0.47629156188873539, "Schools_to_Train_knn_access": 6.0, "Schools_to_Bus_reach": 32.0, "Schools_to_Bus_gravity": 17.615779925833962, "Schools_to_Bus_knn_access": 2.0, "Schools_to_Bluebike_reach": 6.0, "Schools_to_Bluebike_gravity": 3.6967414518845207, "Schools_to_Bluebike_knn_access": 0.5, "total_knn_access": 8.5, "normalized_knn_access": 1.0 }, "geometry": { "type": "Point", "coordinates": [ 233206.0, 901659.0 ] } },
{ "type": "Feature", "properties": { "id": 62, "__GUID": "95ed11a0-8919-4f93-9147-6769b98d97ab", "category": "daycare", "_to_subway_reach_sr800": 1.0, "_to_subway_g_sr800": 0.48486004915798103, "_to_bluebike_reach_sr800": 2.0, "_to_bluebike_g_sr800": 0.97601810484003848, "_to_bus_reach_sr800": 5.0, "_to_bus_g_sr800": 2.4155120692255245, "Schools_to_Train_reach": 1.0, "Schools_to_Train_gravity": 0.48486004915798103, "Schools_to_Train_knn_access": 6.0, "Schools_to_Bus_reach": 5.0, "Schools_to_Bus_gravity": 2.4155120692255245, "Schools_to_Bus_knn_access": 2.0, "Schools_to_Bluebike_reach": 2.0, "Schools_to_Bluebike_gravity": 0.97601810484003848, "Schools_to_Bluebike_knn_access": 0.5, "total_knn_access": 8.5, "normalized_knn_access": 1.0 }, "geometry": { "type": "Point", "coordinates": [ 230914.0, 904026.0 ] } },
{ "type": "Feature", "properties": { "id": 63, "__GUID": "0bae884c-935a-46f0-94cc-f4ffadb64e6a", "category": "daycare", "_to_subway_reach_sr800": 0.0, "_to_subway_g_sr800": 0.0, "_to_bluebike_reach_sr800": 3.0, "_to_bluebike_g_sr800": 1.5616778747428108, "_to_bus_reach_sr800": 23.0, "_to_bus_g_sr800": 13.967740790786053, "Schools_to_Train_reach": 0.0, "Schools_to_Train_gravity": 0.0, "Schools_to_Train_knn_access": 0.0, "Schools_to_Bus_reach": 23.0, "Schools_to_Bus_gravity": 13.967740790786053, "Schools_to_Bus_knn_access": 2.0, "Schools_to_Bluebike_reach": 3.0, "Schools_to_Bluebike_gravity": 1.5616778747428108, "Schools_to_Bluebike_knn_access": 0.5, "total_knn_access": 2.5, "normalized_knn_access": 0.29411764705882354 }, "geometry": { "type": "Point", "coordinates": [ 232160.0, 902842.0 ] } },
{ "type": "Feature", "properties": { "id": 64, "__GUID": "72b2587b-a657-4ce0-bdaf-6082d5a9ce23", "category": "daycare", "_to_subway_reach_sr800": 1.0, "_to_subway_g_sr800": 0.72277547221374505, "_to_bluebike_reach_sr800": 5.0, "_to_bluebike_g_sr800": 3.0311206322060227, "_to_bus_reach_sr800": 36.0, "_to_bus_g_sr800": 21.659962485743314, "Schools_to_Train_reach": 1.0, "Schools_to_Train_gravity": 0.72277547221374505, "Schools_to_Train_knn_access": 6.0, "Schools_to_Bus_reach": 36.0, "Schools_to_Bus_gravity": 21.659962485743314, "Schools_to_Bus_knn_access": 2.0, "Schools_to_Bluebike_reach": 5.0, "Schools_to_Bluebike_gravity": 3.0311206322060227, "Schools_to_Bluebike_knn_access": 0.5, "total_knn_access": 8.5, "normalized_knn_access": 1.0 }, "geometry": { "type": "Point", "coordinates": [ 232394.0, 901891.0 ] } },
{ "type": "Feature", "properties": { "id": 65, "__GUID": "78ac5360-7fe7-4e46-9a2c-bc468b158ad3", "category": "daycare", "_to_subway_reach_sr800": 1.0, "_to_subway_g_sr800": 0.50619386042200876, "_to_bluebike_reach_sr800": 5.0, "_to_bluebike_g_sr800": 2.7511779765924826, "_to_bus_reach_sr800": 27.0, "_to_bus_g_sr800": 15.44054168602503, "Schools_to_Train_reach": 1.0, "Schools_to_Train_gravity": 0.50619386042200876, "Schools_to_Train_knn_access": 6.0, "Schools_to_Bus_reach": 27.0, "Schools_to_Bus_gravity": 15.44054168602503, "Schools_to_Bus_knn_access": 2.0, "Schools_to_Bluebike_reach": 5.0, "Schools_to_Bluebike_gravity": 2.7511779765924826, "Schools_to_Bluebike_knn_access": 0.5, "total_knn_access": 8.5, "normalized_knn_access": 1.0 }, "geometry": { "type": "Point", "coordinates": [ 232027.0, 901739.0 ] } },
{ "type": "Feature", "properties": { "id": 66, "__GUID": "b472519a-ae5c-4dd0-9498-fc1099fd686c", "category": "daycare", "_to_subway_reach_sr800": 0.0, "_to_subway_g_sr800": 0.0, "_to_bluebike_reach_sr800": 2.0, "_to_bluebike_g_sr800": 1.0857903524681429, "_to_bus_reach_sr800": 16.0, "_to_bus_g_sr800": 8.5518666955743399, "Schools_to_Train_reach": 0.0, "Schools_to_Train_gravity": 0.0, "Schools_to_Train_knn_access": 0.0, "Schools_to_Bus_reach": 16.0, "Schools_to_Bus_gravity": 8.5518666955743399, "Schools_to_Bus_knn_access": 2.0, "Schools_to_Bluebike_reach": 2.0, "Schools_to_Bluebike_gravity": 1.0857903524681429, "Schools_to_Bluebike_knn_access": 0.5, "total_knn_access": 2.5, "normalized_knn_access": 0.29411764705882354 }, "geometry": { "type": "Point", "coordinates": [ 230738.0, 903708.0 ] } },
{ "type": "Feature", "properties": { "id": 67, "__GUID": "79d61e7d-690f-479c-9478-b2457cb16b4a", "category": "daycare", "_to_subway_reach_sr800": 1.0, "_to_subway_g_sr800": 0.52026781308979042, "_to_bluebike_reach_sr800": 6.0, "_to_bluebike_g_sr800": 3.3736831884356207, "_to_bus_reach_sr800": 45.0, "_to_bus_g_sr800": 27.685858942626638, "Schools_to_Train_reach": 1.0, "Schools_to_Train_gravity": 0.52026781308979042, "Schools_to_Train_knn_access": 6.0, "Schools_to_Bus_reach": 45.0, "Schools_to_Bus_gravity": 27.685858942626638, "Schools_to_Bus_knn_access": 2.0, "Schools_to_Bluebike_reach": 6.0, "Schools_to_Bluebike_gravity": 3.3736831884356207, "Schools_to_Bluebike_knn_access": 0.5, "total_knn_access": 8.5, "normalized_knn_access": 1.0 }, "geometry": { "type": "Point", "coordinates": [ 232998.0, 902170.0 ] } },
{ "type": "Feature", "properties": { "id": 68, "__GUID": "77af9207-07e1-4864-ae2f-e02ecdb8e965", "category": "daycare", "_to_subway_reach_sr800": 0.0, "_to_subway_g_sr800": 0.0, "_to_bluebike_reach_sr800": 3.0, "_to_bluebike_g_sr800": 1.5863081972562805, "_to_bus_reach_sr800": 7.0, "_to_bus_g_sr800": 4.0119672766845937, "Schools_to_Train_reach": 0.0, "Schools_to_Train_gravity": 0.0, "Schools_to_Train_knn_access": 0.0, "Schools_to_Bus_reach": 7.0, "Schools_to_Bus_gravity": 4.0119672766845937, "Schools_to_Bus_knn_access": 2.0, "Schools_to_Bluebike_reach": 3.0, "Schools_to_Bluebike_gravity": 1.5863081972562805, "Schools_to_Bluebike_knn_access": 0.5, "total_knn_access": 2.5, "normalized_knn_access": 0.29411764705882354 }, "geometry": { "type": "Point", "coordinates": [ 231562.0, 903612.0 ] } },
{ "type": "Feature", "properties": { "id": 69, "__GUID": "ee04c1da-46c8-4d63-8202-13a7f3f0ce95", "category": "daycare", "_to_subway_reach_sr800": 1.0, "_to_subway_g_sr800": 0.45179671897393109, "_to_bluebike_reach_sr800": 5.0, "_to_bluebike_g_sr800": 2.5790030795496528, "_to_bus_reach_sr800": 9.0, "_to_bus_g_sr800": 5.2952710285867779, "Schools_to_Train_reach": 1.0, "Schools_to_Train_gravity": 0.45179671897393109, "Schools_to_Train_knn_access": 6.0, "Schools_to_Bus_reach": 9.0, "Schools_to_Bus_gravity": 5.2952710285867779, "Schools_to_Bus_knn_access": 2.0, "Schools_to_Bluebike_reach": 5.0, "Schools_to_Bluebike_gravity": 2.5790030795496528, "Schools_to_Bluebike_knn_access": 0.5, "total_knn_access": 8.5, "normalized_knn_access": 1.0 }, "geometry": { "type": "Point", "coordinates": [ 231477.0, 903608.0 ] } },
{ "type": "Feature", "properties": { "id": 70, "__GUID": "6b1b8373-f912-4c66-a0c7-4808e0867508", "category": "daycare", "_to_subway_reach_sr800": 1.0, "_to_subway_g_sr800": 0.69937998381424749, "_to_bluebike_reach_sr800": 6.0, "_to_bluebike_g_sr800": 3.4164451652346957, "_to_bus_reach_sr800": 34.0, "_to_bus_g_sr800": 20.499647428068215, "Schools_to_Train_reach": 1.0, "Schools_to_Train_gravity": 0.69937998381424749, "Schools_to_Train_knn_access": 6.0, "Schools_to_Bus_reach": 34.0, "Schools_to_Bus_gravity": 20.499647428068215, "Schools_to_Bus_knn_access": 2.0, "Schools_to_Bluebike_reach": 6.0, "Schools_to_Bluebike_gravity": 3.4164451652346957, "Schools_to_Bluebike_knn_access": 0.5, "total_knn_access": 8.5, "normalized_knn_access": 1.0 }, "geometry": { "type": "Point", "coordinates": [ 232347.0, 901888.0 ] } },
{ "type": "Feature", "properties": { "id": 71, "__GUID": "7a3b96ce-29ea-46eb-9afb-67457ec1361d", "category": "privateschool", "_to_subway_reach_sr800": 0.0, "_to_subway_g_sr800": 0.0, "_to_bluebike_reach_sr800": 3.0, "_to_bluebike_g_sr800": 2.0269629888603355, "_to_bus_reach_sr800": 26.0, "_to_bus_g_sr800": 16.070204200976157, "Schools_to_Train_reach": 0.0, "Schools_to_Train_gravity": 0.0, "Schools_to_Train_knn_access": 0.0, "Schools_to_Bus_reach": 26.0, "Schools_to_Bus_gravity": 16.070204200976157, "Schools_to_Bus_knn_access": 2.0, "Schools_to_Bluebike_reach": 3.0, "Schools_to_Bluebike_gravity": 2.0269629888603355, "Schools_to_Bluebike_knn_access": 0.5, "total_knn_access": 2.5, "normalized_knn_access": 0.29411764705882354 }, "geometry": { "type": "Point", "coordinates": [ 233463.0, 902636.0 ] } },
{ "type": "Feature", "properties": { "id": 72, "__GUID": "1f663afd-1d21-413b-a74a-22e2cc986199", "category": "privateschool", "_to_subway_reach_sr800": 0.0, "_to_subway_g_sr800": 0.0, "_to_bluebike_reach_sr800": 2.0, "_to_bluebike_g_sr800": 1.3964019244885193, "_to_bus_reach_sr800": 8.0, "_to_bus_g_sr800": 4.4591438008903541, "Schools_to_Train_reach": 0.0, "Schools_to_Train_gravity": 0.0, "Schools_to_Train_knn_access": 0.0, "Schools_to_Bus_reach": 8.0, "Schools_to_Bus_gravity": 4.4591438008903541, "Schools_to_Bus_knn_access": 2.0, "Schools_to_Bluebike_reach": 2.0, "Schools_to_Bluebike_gravity": 1.3964019244885193, "Schools_to_Bluebike_knn_access": 0.5, "total_knn_access": 2.5, "normalized_knn_access": 0.29411764705882354 }, "geometry": { "type": "Point", "coordinates": [ 230232.0, 904462.0 ] } },
{ "type": "Feature", "properties": { "id": 73, "__GUID": "65f1b467-06e7-43a4-8fe2-20cae68b410e", "category": "privateschool", "_to_subway_reach_sr800": 0.0, "_to_subway_g_sr800": 0.0, "_to_bluebike_reach_sr800": 2.0, "_to_bluebike_g_sr800": 1.0477717743794974, "_to_bus_reach_sr800": 9.0, "_to_bus_g_sr800": 5.080222268404639, "Schools_to_Train_reach": 0.0, "Schools_to_Train_gravity": 0.0, "Schools_to_Train_knn_access": 0.0, "Schools_to_Bus_reach": 9.0, "Schools_to_Bus_gravity": 5.080222268404639, "Schools_to_Bus_knn_access": 2.0, "Schools_to_Bluebike_reach": 2.0, "Schools_to_Bluebike_gravity": 1.0477717743794974, "Schools_to_Bluebike_knn_access": 0.5, "total_knn_access": 2.5, "normalized_knn_access": 0.29411764705882354 }, "geometry": { "type": "Point", "coordinates": [ 231684.0, 901201.0 ] } },
{ "type": "Feature", "properties": { "id": 74, "__GUID": "dd6ece05-6b3c-43fa-9eca-329d45ca41f1", "category": "privateschool", "_to_subway_reach_sr800": 1.0, "_to_subway_g_sr800": 0.66718000249441389, "_to_bluebike_reach_sr800": 7.0, "_to_bluebike_g_sr800": 3.9887545390097214, "_to_bus_reach_sr800": 38.0, "_to_bus_g_sr800": 23.727754952841408, "Schools_to_Train_reach": 1.0, "Schools_to_Train_gravity": 0.66718000249441389, "Schools_to_Train_knn_access": 6.0, "Schools_to_Bus_reach": 38.0, "Schools_to_Bus_gravity": 23.727754952841408, "Schools_to_Bus_knn_access": 2.0, "Schools_to_Bluebike_reach": 7.0, "Schools_to_Bluebike_gravity": 3.9887545390097214, "Schools_to_Bluebike_knn_access": 0.5, "total_knn_access": 8.5, "normalized_knn_access": 1.0 }, "geometry": { "type": "Point", "coordinates": [ 232873.0, 901965.0 ] } },
{ "type": "Feature", "properties": { "id": 75, "__GUID": "ee6951ce-7193-4607-adbc-728c95971b37", "category": "privateschool", "_to_subway_reach_sr800": 0.0, "_to_subway_g_sr800": 0.0, "_to_bluebike_reach_sr800": 8.0, "_to_bluebike_g_sr800": 4.3899803875259824, "_to_bus_reach_sr800": 14.0, "_to_bus_g_sr800": 7.2105228940864645, "Schools_to_Train_reach": 0.0, "Schools_to_Train_gravity": 0.0, "Schools_to_Train_knn_access": 0.0, "Schools_to_Bus_reach": 14.0, "Schools_to_Bus_gravity": 7.2105228940864645, "Schools_to_Bus_knn_access": 2.0, "Schools_to_Bluebike_reach": 8.0, "Schools_to_Bluebike_gravity": 4.3899803875259824, "Schools_to_Bluebike_knn_access": 0.5, "total_knn_access": 2.5, "normalized_knn_access": 0.29411764705882354 }, "geometry": { "type": "Point", "coordinates": [ 234156.0, 901991.0 ] } },
{ "type": "Feature", "properties": { "id": 76, "__GUID": "cb152d8a-01f4-4c41-b04d-7b283a9dcbe6", "category": "privateschool", "_to_subway_reach_sr800": 0.0, "_to_subway_g_sr800": 0.0, "_to_bluebike_reach_sr800": 3.0, "_to_bluebike_g_sr800": 1.7617207489573725, "_to_bus_reach_sr800": 18.0, "_to_bus_g_sr800": 10.517610543952889, "Schools_to_Train_reach": 0.0, "Schools_to_Train_gravity": 0.0, "Schools_to_Train_knn_access": 0.0, "Schools_to_Bus_reach": 18.0, "Schools_to_Bus_gravity": 10.517610543952889, "Schools_to_Bus_knn_access": 2.0, "Schools_to_Bluebike_reach": 3.0, "Schools_to_Bluebike_gravity": 1.7617207489573725, "Schools_to_Bluebike_knn_access": 0.5, "total_knn_access": 2.5, "normalized_knn_access": 0.29411764705882354 }, "geometry": { "type": "Point", "coordinates": [ 230321.0, 904691.0 ] } },
{ "type": "Feature", "properties": { "id": 77, "__GUID": "4bdd5019-d5cd-4720-8c98-dc2335d331cf", "category": "privateschool", "_to_subway_reach_sr800": 0.0, "_to_subway_g_sr800": 0.0, "_to_bluebike_reach_sr800": 2.0, "_to_bluebike_g_sr800": 1.4039532415708589, "_to_bus_reach_sr800": 12.0, "_to_bus_g_sr800": 7.6958882108863431, "Schools_to_Train_reach": 0.0, "Schools_to_Train_gravity": 0.0, "Schools_to_Train_knn_access": 0.0, "Schools_to_Bus_reach": 12.0, "Schools_to_Bus_gravity": 7.6958882108863431, "Schools_to_Bus_knn_access": 2.0, "Schools_to_Bluebike_reach": 2.0, "Schools_to_Bluebike_gravity": 1.4039532415708589, "Schools_to_Bluebike_knn_access": 0.5, "total_knn_access": 2.5, "normalized_knn_access": 0.29411764705882354 }, "geometry": { "type": "Point", "coordinates": [ 230188.0, 902832.0 ] } },
{ "type": "Feature", "properties": { "id": 78, "__GUID": "2edda3f5-743b-4622-b1f7-ad417afbe907", "category": "privateschool", "_to_subway_reach_sr800": 1.0, "_to_subway_g_sr800": 0.575176700251538, "_to_bluebike_reach_sr800": 4.0, "_to_bluebike_g_sr800": 2.7700055732146618, "_to_bus_reach_sr800": 1.0, "_to_bus_g_sr800": 0.53712905749453477, "Schools_to_Train_reach": 1.0, "Schools_to_Train_gravity": 0.575176700251538, "Schools_to_Train_knn_access": 6.0, "Schools_to_Bus_reach": 1.0, "Schools_to_Bus_gravity": 0.53712905749453477, "Schools_to_Bus_knn_access": 0.75, "Schools_to_Bluebike_reach": 4.0, "Schools_to_Bluebike_gravity": 2.7700055732146618, "Schools_to_Bluebike_knn_access": 0.5, "total_knn_access": 7.25, "normalized_knn_access": 0.8529411764705882 }, "geometry": { "type": "Point", "coordinates": [ 235364.0, 902254.0 ] } },
{ "type": "Feature", "properties": { "id": 79, "__GUID": "08c7e09f-a543-4b9a-b5f0-146c986f9687", "category": "privateschool", "_to_subway_reach_sr800": 1.0, "_to_subway_g_sr800": 0.49521891925630263, "_to_bluebike_reach_sr800": 7.0, "_to_bluebike_g_sr800": 3.6244296167203975, "_to_bus_reach_sr800": 30.0, "_to_bus_g_sr800": 17.56505389379943, "Schools_to_Train_reach": 1.0, "Schools_to_Train_gravity": 0.49521891925630263, "Schools_to_Train_knn_access": 6.0, "Schools_to_Bus_reach": 30.0, "Schools_to_Bus_gravity": 17.56505389379943, "Schools_to_Bus_knn_access": 2.0, "Schools_to_Bluebike_reach": 7.0, "Schools_to_Bluebike_gravity": 3.6244296167203975, "Schools_to_Bluebike_knn_access": 0.5, "total_knn_access": 8.5, "normalized_knn_access": 1.0 }, "geometry": { "type": "Point", "coordinates": [ 232051.0, 902100.0 ] } },
{ "type": "Feature", "properties": { "id": 80, "__GUID": "2eb941aa-c727-4d8d-98a0-d605d5ce90e3", "category": "privateschool", "_to_subway_reach_sr800": 1.0, "_to_subway_g_sr800": 0.78733774564789605, "_to_bluebike_reach_sr800": 9.0, "_to_bluebike_g_sr800": 5.169190690142635, "_to_bus_reach_sr800": 37.0, "_to_bus_g_sr800": 22.817537592196199, "Schools_to_Train_reach": 1.0, "Schools_to_Train_gravity": 0.78733774564789605, "Schools_to_Train_knn_access": 6.0, "Schools_to_Bus_reach": 37.0, "Schools_to_Bus_gravity": 22.817537592196199, "Schools_to_Bus_knn_access": 2.0, "Schools_to_Bluebike_reach": 9.0, "Schools_to_Bluebike_gravity": 5.169190690142635, "Schools_to_Bluebike_knn_access": 0.5, "total_knn_access": 8.5, "normalized_knn_access": 1.0 }, "geometry": { "type": "Point", "coordinates": [ 232814.0, 901771.0 ] } },
{ "type": "Feature", "properties": { "id": 81, "__GUID": "7727405f-37f7-462e-a32b-c797417a00e4", "category": "privateschool", "_to_subway_reach_sr800": 0.0, "_to_subway_g_sr800": 0.0, "_to_bluebike_reach_sr800": 0.0, "_to_bluebike_g_sr800": 0.0, "_to_bus_reach_sr800": 16.0, "_to_bus_g_sr800": 9.7559337711988796, "Schools_to_Train_reach": 0.0, "Schools_to_Train_gravity": 0.0, "Schools_to_Train_knn_access": 0.0, "Schools_to_Bus_reach": 16.0, "Schools_to_Bus_gravity": 9.7559337711988796, "Schools_to_Bus_knn_access": 2.0, "Schools_to_Bluebike_reach": 0.0, "Schools_to_Bluebike_gravity": 0.0, "Schools_to_Bluebike_knn_access": 0.0, "total_knn_access": 2.0, "normalized_knn_access": 0.23529411764705882 }, "geometry": { "type": "Point", "coordinates": [ 228469.0, 904598.0 ] } },
{ "type": "Feature", "properties": { "id": 82, "__GUID": "647c78bf-49c2-4cec-abbd-930bf18612b2", "category": "privateschool", "_to_subway_reach_sr800": 1.0, "_to_subway_g_sr800": 0.51381640953676755, "_to_bluebike_reach_sr800": 6.0, "_to_bluebike_g_sr800": 3.291270892525096, "_to_bus_reach_sr800": 45.0, "_to_bus_g_sr800": 25.722542861638374, "Schools_to_Train_reach": 1.0, "Schools_to_Train_gravity": 0.51381640953676755, "Schools_to_Train_knn_access": 6.0, "Schools_to_Bus_reach": 45.0, "Schools_to_Bus_gravity": 25.722542861638374, "Schools_to_Bus_knn_access": 2.0, "Schools_to_Bluebike_reach": 6.0, "Schools_to_Bluebike_gravity": 3.291270892525096, "Schools_to_Bluebike_knn_access": 0.5, "total_knn_access": 8.5, "normalized_knn_access": 1.0 }, "geometry": { "type": "Point", "coordinates": [ 232474.0, 902183.0 ] } },
{ "type": "Feature", "properties": { "id": 83, "__GUID": "26c1ff33-d1cf-49cd-9e4a-f711bf93d7bb", "category": "privateschool", "_to_subway_reach_sr800": 1.0, "_to_subway_g_sr800": 0.59490340782190354, "_to_bluebike_reach_sr800": 8.0, "_to_bluebike_g_sr800": 4.591757669794772, "_to_bus_reach_sr800": 27.0, "_to_bus_g_sr800": 15.828875623085624, "Schools_to_Train_reach": 1.0, "Schools_to_Train_gravity": 0.59490340782190354, "Schools_to_Train_knn_access": 6.0, "Schools_to_Bus_reach": 27.0, "Schools_to_Bus_gravity": 15.828875623085624, "Schools_to_Bus_knn_access": 2.0, "Schools_to_Bluebike_reach": 8.0, "Schools_to_Bluebike_gravity": 4.591757669794772, "Schools_to_Bluebike_knn_access": 0.5, "total_knn_access": 8.5, "normalized_knn_access": 1.0 }, "geometry": { "type": "Point", "coordinates": [ 231689.0, 902345.0 ] } },
{ "type": "Feature", "properties": { "id": 84, "__GUID": "bd8364c7-8d04-4e72-99f1-a0bdb7991efa", "category": "privateschool", "_to_subway_reach_sr800": 1.0, "_to_subway_g_sr800": 0.5229903572560568, "_to_bluebike_reach_sr800": 7.0, "_to_bluebike_g_sr800": 4.1948443139765983, "_to_bus_reach_sr800": 8.0, "_to_bus_g_sr800": 4.9416051774649841, "Schools_to_Train_reach": 1.0, "Schools_to_Train_gravity": 0.5229903572560568, "Schools_to_Train_knn_access": 6.0, "Schools_to_Bus_reach": 8.0, "Schools_to_Bus_gravity": 4.9416051774649841, "Schools_to_Bus_knn_access": 2.0, "Schools_to_Bluebike_reach": 7.0, "Schools_to_Bluebike_gravity": 4.1948443139765983, "Schools_to_Bluebike_knn_access": 0.5, "total_knn_access": 8.5, "normalized_knn_access": 1.0 }, "geometry": { "type": "Point", "coordinates": [ 233609.0, 901103.0 ] } },
{ "type": "Feature", "properties": { "id": 85, "__GUID": "97b08b67-fa6d-433a-8ada-2a43042ceefe", "category": "privateschool", "_to_subway_reach_sr800": 0.0, "_to_subway_g_sr800": 0.0, "_to_bluebike_reach_sr800": 1.0, "_to_bluebike_g_sr800": 0.49949528680439997, "_to_bus_reach_sr800": 6.0, "_to_bus_g_sr800": 3.6719116172413373, "Schools_to_Train_reach": 0.0, "Schools_to_Train_gravity": 0.0, "Schools_to_Train_knn_access": 0.0, "Schools_to_Bus_reach": 6.0, "Schools_to_Bus_gravity": 3.6719116172413373, "Schools_to_Bus_knn_access": 2.0, "Schools_to_Bluebike_reach": 1.0, "Schools_to_Bluebike_gravity": 0.49949528680439997, "Schools_to_Bluebike_knn_access": 0.25, "total_knn_access": 2.25, "normalized_knn_access": 0.26470588235294118 }, "geometry": { "type": "Point", "coordinates": [ 230196.0, 905843.0 ] } },
{ "type": "Feature", "properties": { "id": 86, "__GUID": "b0c1a7e9-ef07-4753-8f87-3d3c32ec8fd1", "category": "privateschool", "_to_subway_reach_sr800": 0.0, "_to_subway_g_sr800": 0.0, "_to_bluebike_reach_sr800": 4.0, "_to_bluebike_g_sr800": 2.4361243933181016, "_to_bus_reach_sr800": 20.0, "_to_bus_g_sr800": 10.363153715813832, "Schools_to_Train_reach": 0.0, "Schools_to_Train_gravity": 0.0, "Schools_to_Train_knn_access": 0.0, "Schools_to_Bus_reach": 20.0, "Schools_to_Bus_gravity": 10.363153715813832, "Schools_to_Bus_knn_access": 2.0, "Schools_to_Bluebike_reach": 4.0, "Schools_to_Bluebike_gravity": 2.4361243933181016, "Schools_to_Bluebike_knn_access": 0.5, "total_knn_access": 2.5, "normalized_knn_access": 0.29411764705882354 }, "geometry": { "type": "Point", "coordinates": [ 231516.0, 903364.0 ] } },
{ "type": "Feature", "properties": { "id": 87, "__GUID": "0505b2df-e338-4276-85f2-8f7f23d49fe7", "category": "privateschool", "_to_subway_reach_sr800": 0.0, "_to_subway_g_sr800": 0.0, "_to_bluebike_reach_sr800": 3.0, "_to_bluebike_g_sr800": 1.7303060316872736, "_to_bus_reach_sr800": 17.0, "_to_bus_g_sr800": 10.747346923385855, "Schools_to_Train_reach": 0.0, "Schools_to_Train_gravity": 0.0, "Schools_to_Train_knn_access": 0.0, "Schools_to_Bus_reach": 17.0, "Schools_to_Bus_gravity": 10.747346923385855, "Schools_to_Bus_knn_access": 2.0, "Schools_to_Bluebike_reach": 3.0, "Schools_to_Bluebike_gravity": 1.7303060316872736, "Schools_to_Bluebike_knn_access": 0.5, "total_knn_access": 2.5, "normalized_knn_access": 0.29411764705882354 }, "geometry": { "type": "Point", "coordinates": [ 231101.0, 903248.0 ] } },
{ "type": "Feature", "properties": { "id": 88, "__GUID": "3dd90832-b8e1-470d-b6de-6bfd35ecf96c", "category": "privateschool", "_to_subway_reach_sr800": 1.0, "_to_subway_g_sr800": 0.72059068863962028, "_to_bluebike_reach_sr800": 4.0, "_to_bluebike_g_sr800": 2.8799449060037015, "_to_bus_reach_sr800": 16.0, "_to_bus_g_sr800": 10.715648409802537, "Schools_to_Train_reach": 1.0, "Schools_to_Train_gravity": 0.72059068863962028, "Schools_to_Train_knn_access": 6.0, "Schools_to_Bus_reach": 16.0, "Schools_to_Bus_gravity": 10.715648409802537, "Schools_to_Bus_knn_access": 2.0, "Schools_to_Bluebike_reach": 4.0, "Schools_to_Bluebike_gravity": 2.8799449060037015, "Schools_to_Bluebike_knn_access": 0.5, "total_knn_access": 8.5, "normalized_knn_access": 1.0 }, "geometry": { "type": "Point", "coordinates": [ 231173.0, 902384.0 ] } },
{ "type": "Feature", "properties": { "id": 89, "__GUID": "85bbb8e7-b962-4fd6-b773-e9210b486f03", "category": "privateschool", "_to_subway_reach_sr800": 1.0, "_to_subway_g_sr800": 0.70951027191650951, "_to_bluebike_reach_sr800": 6.0, "_to_bluebike_g_sr800": 3.6930842326885047, "_to_bus_reach_sr800": 24.0, "_to_bus_g_sr800": 14.854512731089658, "Schools_to_Train_reach": 1.0, "Schools_to_Train_gravity": 0.70951027191650951, "Schools_to_Train_knn_access": 6.0, "Schools_to_Bus_reach": 24.0, "Schools_to_Bus_gravity": 14.854512731089658, "Schools_to_Bus_knn_access": 2.0, "Schools_to_Bluebike_reach": 6.0, "Schools_to_Bluebike_gravity": 3.6930842326885047, "Schools_to_Bluebike_knn_access": 0.5, "total_knn_access": 8.5, "normalized_knn_access": 1.0 }, "geometry": { "type": "Point", "coordinates": [ 231166.0, 902728.0 ] } },
{ "type": "Feature", "properties": { "id": 90, "__GUID": "f8a893a1-5657-4ee9-8f31-2f18a7579468", "category": "privateschool", "_to_subway_reach_sr800": 1.0, "_to_subway_g_sr800": 0.52233062993979762, "_to_bluebike_reach_sr800": 6.0, "_to_bluebike_g_sr800": 3.576051039104954, "_to_bus_reach_sr800": 21.0, "_to_bus_g_sr800": 12.871641429227367, "Schools_to_Train_reach": 1.0, "Schools_to_Train_gravity": 0.52233062993979762, "Schools_to_Train_knn_access": 6.0, "Schools_to_Bus_reach": 21.0, "Schools_to_Bus_gravity": 12.871641429227367, "Schools_to_Bus_knn_access": 2.0, "Schools_to_Bluebike_reach": 6.0, "Schools_to_Bluebike_gravity": 3.576051039104954, "Schools_to_Bluebike_knn_access": 0.5, "total_knn_access": 8.5, "normalized_knn_access": 1.0 }, "geometry": { "type": "Point", "coordinates": [ 231319.0, 903189.0 ] } },
{ "type": "Feature", "properties": { "id": 91, "__GUID": "d391b19f-dde9-421b-b264-e0e84bba4554", "category": "privateschool", "_to_subway_reach_sr800": 1.0, "_to_subway_g_sr800": 0.63800472309051048, "_to_bluebike_reach_sr800": 7.0, "_to_bluebike_g_sr800": 4.1309574224174028, "_to_bus_reach_sr800": 28.0, "_to_bus_g_sr800": 16.881654548910923, "Schools_to_Train_reach": 1.0, "Schools_to_Train_gravity": 0.63800472309051048, "Schools_to_Train_knn_access": 6.0, "Schools_to_Bus_reach": 28.0, "Schools_to_Bus_gravity": 16.881654548910923, "Schools_to_Bus_knn_access": 2.0, "Schools_to_Bluebike_reach": 7.0, "Schools_to_Bluebike_gravity": 4.1309574224174028, "Schools_to_Bluebike_knn_access": 0.5, "total_knn_access": 8.5, "normalized_knn_access": 1.0 }, "geometry": { "type": "Point", "coordinates": [ 231140.0, 902841.0 ] } },
{ "type": "Feature", "properties": { "id": 92, "__GUID": "532c6068-0529-4445-a7ce-82c3f5ce42c1", "category": "privateschool", "_to_subway_reach_sr800": 1.0, "_to_subway_g_sr800": 0.51530070383582072, "_to_bluebike_reach_sr800": 6.0, "_to_bluebike_g_sr800": 3.7676936114585624, "_to_bus_reach_sr800": 32.0, "_to_bus_g_sr800": 19.827677534794354, "Schools_to_Train_reach": 1.0, "Schools_to_Train_gravity": 0.51530070383582072, "Schools_to_Train_knn_access": 6.0, "Schools_to_Bus_reach": 32.0, "Schools_to_Bus_gravity": 19.827677534794354, "Schools_to_Bus_knn_access": 2.0, "Schools_to_Bluebike_reach": 6.0, "Schools_to_Bluebike_gravity": 3.7676936114585624, "Schools_to_Bluebike_knn_access": 0.5, "total_knn_access": 8.5, "normalized_knn_access": 1.0 }, "geometry": { "type": "Point", "coordinates": [ 231802.0, 902878.0 ] } },
{ "type": "Feature", "properties": { "id": 93, "__GUID": "cbff761e-91cb-44b4-80e2-fa0a592c76e2", "category": "privateschool", "_to_subway_reach_sr800": 1.0, "_to_subway_g_sr800": 0.7819490584722828, "_to_bluebike_reach_sr800": 9.0, "_to_bluebike_g_sr800": 5.457603438063189, "_to_bus_reach_sr800": 32.0, "_to_bus_g_sr800": 19.151143700643317, "Schools_to_Train_reach": 1.0, "Schools_to_Train_gravity": 0.7819490584722828, "Schools_to_Train_knn_access": 6.0, "Schools_to_Bus_reach": 32.0, "Schools_to_Bus_gravity": 19.151143700643317, "Schools_to_Bus_knn_access": 2.0, "Schools_to_Bluebike_reach": 9.0, "Schools_to_Bluebike_gravity": 5.457603438063189, "Schools_to_Bluebike_knn_access": 0.5, "total_knn_access": 8.5, "normalized_knn_access": 1.0 }, "geometry": { "type": "Point", "coordinates": [ 231539.0, 902730.0 ] } },
{ "type": "Feature", "properties": { "id": 94, "__GUID": "6524cf22-a194-40d3-a7ad-dcc4c0a234c4", "category": "privateschool", "_to_subway_reach_sr800": 1.0, "_to_subway_g_sr800": 0.53939766037042791, "_to_bluebike_reach_sr800": 6.0, "_to_bluebike_g_sr800": 3.257211009349708, "_to_bus_reach_sr800": 24.0, "_to_bus_g_sr800": 14.368694546092264, "Schools_to_Train_reach": 1.0, "Schools_to_Train_gravity": 0.53939766037042791, "Schools_to_Train_knn_access": 6.0, "Schools_to_Bus_reach": 24.0, "Schools_to_Bus_gravity": 14.368694546092264, "Schools_to_Bus_knn_access": 2.0, "Schools_to_Bluebike_reach": 6.0, "Schools_to_Bluebike_gravity": 3.257211009349708, "Schools_to_Bluebike_knn_access": 0.5, "total_knn_access": 8.5, "normalized_knn_access": 1.0 }, "geometry": { "type": "Point", "coordinates": [ 230948.0, 902935.0 ] } },
{ "type": "Feature", "properties": { "id": 95, "__GUID": "b866b77a-6d52-49f6-ad85-8dc36f411266", "category": "privateschool", "_to_subway_reach_sr800": 0.0, "_to_subway_g_sr800": 0.0, "_to_bluebike_reach_sr800": 3.0, "_to_bluebike_g_sr800": 1.6369552003506158, "_to_bus_reach_sr800": 14.0, "_to_bus_g_sr800": 7.8699192598314909, "Schools_to_Train_reach": 0.0, "Schools_to_Train_gravity": 0.0, "Schools_to_Train_knn_access": 0.0, "Schools_to_Bus_reach": 14.0, "Schools_to_Bus_gravity": 7.8699192598314909, "Schools_to_Bus_knn_access": 2.0, "Schools_to_Bluebike_reach": 3.0, "Schools_to_Bluebike_gravity": 1.6369552003506158, "Schools_to_Bluebike_knn_access": 0.5, "total_knn_access": 2.5, "normalized_knn_access": 0.29411764705882354 }, "geometry": { "type": "Point", "coordinates": [ 230269.0, 903989.0 ] } },
{ "type": "Feature", "properties": { "id": 96, "__GUID": "9da44c47-ba75-4397-8758-52e708efd2f6", "category": "privateschool", "_to_subway_reach_sr800": 0.0, "_to_subway_g_sr800": 0.0, "_to_bluebike_reach_sr800": 2.0, "_to_bluebike_g_sr800": 1.219781636844449, "_to_bus_reach_sr800": 7.0, "_to_bus_g_sr800": 3.4637038061750425, "Schools_to_Train_reach": 0.0, "Schools_to_Train_gravity": 0.0, "Schools_to_Train_knn_access": 0.0, "Schools_to_Bus_reach": 7.0, "Schools_to_Bus_gravity": 3.4637038061750425, "Schools_to_Bus_knn_access": 2.0, "Schools_to_Bluebike_reach": 2.0, "Schools_to_Bluebike_gravity": 1.219781636844449, "Schools_to_Bluebike_knn_access": 0.5, "total_knn_access": 2.5, "normalized_knn_access": 0.29411764705882354 }, "geometry": { "type": "Point", "coordinates": [ 230421.0, 904208.0 ] } },
{ "type": "Feature", "properties": { "id": 97, "__GUID": "6b946019-533f-4686-9685-7697b88b585e", "category": "privateschool", "_to_subway_reach_sr800": 0.0, "_to_subway_g_sr800": 0.0, "_to_bluebike_reach_sr800": 0.0, "_to_bluebike_g_sr800": 0.0, "_to_bus_reach_sr800": 6.0, "_to_bus_g_sr800": 3.0358949377799402, "Schools_to_Train_reach": 0.0, "Schools_to_Train_gravity": 0.0, "Schools_to_Train_knn_access": 0.0, "Schools_to_Bus_reach": 6.0, "Schools_to_Bus_gravity": 3.0358949377799402, "Schools_to_Bus_knn_access": 2.0, "Schools_to_Bluebike_reach": 0.0, "Schools_to_Bluebike_gravity": 0.0, "Schools_to_Bluebike_knn_access": 0.0, "total_knn_access": 2.0, "normalized_knn_access": 0.23529411764705882 }, "geometry": { "type": "Point", "coordinates": [ 229742.0, 902342.0 ] } },
{ "type": "Feature", "properties": { "id": 98, "__GUID": "8000b1f6-b413-4993-a846-2c5c1d59cb97", "category": "privateschool", "_to_subway_reach_sr800": 0.0, "_to_subway_g_sr800": 0.0, "_to_bluebike_reach_sr800": 0.0, "_to_bluebike_g_sr800": 0.0, "_to_bus_reach_sr800": 0.0, "_to_bus_g_sr800": 0.0, "Schools_to_Train_reach": 0.0, "Schools_to_Train_gravity": 0.0, "Schools_to_Train_knn_access": 0.0, "Schools_to_Bus_reach": 0.0, "Schools_to_Bus_gravity": 0.0, "Schools_to_Bus_knn_access": 0.0, "Schools_to_Bluebike_reach": 0.0, "Schools_to_Bluebike_gravity": 0.0, "Schools_to_Bluebike_knn_access": 0.0, "total_knn_access": 0.0, "normalized_knn_access": 0.0 }, "geometry": { "type": "Point", "coordinates": [ 230027.0, 902329.0 ] } },
{ "type": "Feature", "properties": { "id": 99, "__GUID": "9ae02158-2a6f-4488-a7d7-d3f5d1008e11", "category": "privateschool", "_to_subway_reach_sr800": 1.0, "_to_subway_g_sr800": 0.68130300292140134, "_to_bluebike_reach_sr800": 6.0, "_to_bluebike_g_sr800": 3.7709103730433688, "_to_bus_reach_sr800": 27.0, "_to_bus_g_sr800": 17.043557167575894, "Schools_to_Train_reach": 1.0, "Schools_to_Train_gravity": 0.68130300292140134, "Schools_to_Train_knn_access": 6.0, "Schools_to_Bus_reach": 27.0, "Schools_to_Bus_gravity": 17.043557167575894, "Schools_to_Bus_knn_access": 2.0, "Schools_to_Bluebike_reach": 6.0, "Schools_to_Bluebike_gravity": 3.7709103730433688, "Schools_to_Bluebike_knn_access": 0.5, "total_knn_access": 8.5, "normalized_knn_access": 1.0 }, "geometry": { "type": "Point", "coordinates": [ 232571.0, 901476.0 ] } },
{ "type": "Feature", "properties": { "id": 100, "__GUID": "63f3fb79-e10f-4def-8b66-2997c5b8e33b", "category": "privateschool", "_to_subway_reach_sr800": 0.0, "_to_subway_g_sr800": 0.0, "_to_bluebike_reach_sr800": 1.0, "_to_bluebike_g_sr800": 0.75124460991757025, "_to_bus_reach_sr800": 18.0, "_to_bus_g_sr800": 10.541500251224816, "Schools_to_Train_reach": 0.0, "Schools_to_Train_gravity": 0.0, "Schools_to_Train_knn_access": 0.0, "Schools_to_Bus_reach": 18.0, "Schools_to_Bus_gravity": 10.541500251224816, "Schools_to_Bus_knn_access": 2.0, "Schools_to_Bluebike_reach": 1.0, "Schools_to_Bluebike_gravity": 0.75124460991757025, "Schools_to_Bluebike_knn_access": 0.25, "total_knn_access": 2.25, "normalized_knn_access": 0.26470588235294118 }, "geometry": { "type": "Point", "coordinates": [ 230370.0, 903437.0 ] } },
{ "type": "Feature", "properties": { "id": 101, "__GUID": "e3575efc-40b2-471a-ace3-9825bdafc622", "category": "privateschool", "_to_subway_reach_sr800": 0.0, "_to_subway_g_sr800": 0.0, "_to_bluebike_reach_sr800": 1.0, "_to_bluebike_g_sr800": 0.59284295794199227, "_to_bus_reach_sr800": 14.0, "_to_bus_g_sr800": 9.0211538583264996, "Schools_to_Train_reach": 0.0, "Schools_to_Train_gravity": 0.0, "Schools_to_Train_knn_access": 0.0, "Schools_to_Bus_reach": 14.0, "Schools_to_Bus_gravity": 9.0211538583264996, "Schools_to_Bus_knn_access": 2.0, "Schools_to_Bluebike_reach": 1.0, "Schools_to_Bluebike_gravity": 0.59284295794199227, "Schools_to_Bluebike_knn_access": 0.25, "total_knn_access": 2.25, "normalized_knn_access": 0.26470588235294118 }, "geometry": { "type": "Point", "coordinates": [ 230529.0, 903276.0 ] } },
{ "type": "Feature", "properties": { "id": 102, "__GUID": "e0b70cdf-6ac8-4b4a-8d3d-593b07aa753b", "category": "privateschool", "_to_subway_reach_sr800": 0.0, "_to_subway_g_sr800": 0.0, "_to_bluebike_reach_sr800": 1.0, "_to_bluebike_g_sr800": 0.52328664957812343, "_to_bus_reach_sr800": 6.0, "_to_bus_g_sr800": 3.6798498131454807, "Schools_to_Train_reach": 0.0, "Schools_to_Train_gravity": 0.0, "Schools_to_Train_knn_access": 0.0, "Schools_to_Bus_reach": 6.0, "Schools_to_Bus_gravity": 3.6798498131454807, "Schools_to_Bus_knn_access": 2.0, "Schools_to_Bluebike_reach": 1.0, "Schools_to_Bluebike_gravity": 0.52328664957812343, "Schools_to_Bluebike_knn_access": 0.25, "total_knn_access": 2.25, "normalized_knn_access": 0.26470588235294118 }, "geometry": { "type": "Point", "coordinates": [ 230344.0, 905736.0 ] } },
{ "type": "Feature", "properties": { "id": 103, "__GUID": "ff27e6fb-a523-4695-a8ba-f56ad656fbcd", "category": "privateschool", "_to_subway_reach_sr800": 0.0, "_to_subway_g_sr800": 0.0, "_to_bluebike_reach_sr800": 2.0, "_to_bluebike_g_sr800": 1.3388743475084519, "_to_bus_reach_sr800": 19.0, "_to_bus_g_sr800": 11.866892445120927, "Schools_to_Train_reach": 0.0, "Schools_to_Train_gravity": 0.0, "Schools_to_Train_knn_access": 0.0, "Schools_to_Bus_reach": 19.0, "Schools_to_Bus_gravity": 11.866892445120927, "Schools_to_Bus_knn_access": 2.0, "Schools_to_Bluebike_reach": 2.0, "Schools_to_Bluebike_gravity": 1.3388743475084519, "Schools_to_Bluebike_knn_access": 0.5, "total_knn_access": 2.5, "normalized_knn_access": 0.29411764705882354 }, "geometry": { "type": "Point", "coordinates": [ 230485.0, 905028.0 ] } },
{ "type": "Feature", "properties": { "id": 104, "__GUID": "d052ce3f-4eb4-47e3-b171-5390d62cedd0", "category": "publicschool", "_to_subway_reach_sr800": 1.0, "_to_subway_g_sr800": 0.47247394272720306, "_to_bluebike_reach_sr800": 5.0, "_to_bluebike_g_sr800": 2.961948423818261, "_to_bus_reach_sr800": 41.0, "_to_bus_g_sr800": 25.041297498750644, "Schools_to_Train_reach": 1.0, "Schools_to_Train_gravity": 0.47247394272720306, "Schools_to_Train_knn_access": 6.0, "Schools_to_Bus_reach": 41.0, "Schools_to_Bus_gravity": 25.041297498750644, "Schools_to_Bus_knn_access": 2.0, "Schools_to_Bluebike_reach": 5.0, "Schools_to_Bluebike_gravity": 2.961948423818261, "Schools_to_Bluebike_knn_access": 0.5, "total_knn_access": 8.5, "normalized_knn_access": 1.0 }, "geometry": { "type": "Point", "coordinates": [ 232643.0, 902343.0 ] } },
{ "type": "Feature", "properties": { "id": 105, "__GUID": "5c7cef66-3afa-4af6-9260-7c5fdc5781bc", "category": "publicschool", "_to_subway_reach_sr800": 0.0, "_to_subway_g_sr800": 0.0, "_to_bluebike_reach_sr800": 4.0, "_to_bluebike_g_sr800": 2.5048555879888292, "_to_bus_reach_sr800": 43.0, "_to_bus_g_sr800": 25.637560587323087, "Schools_to_Train_reach": 0.0, "Schools_to_Train_gravity": 0.0, "Schools_to_Train_knn_access": 0.0, "Schools_to_Bus_reach": 43.0, "Schools_to_Bus_gravity": 25.637560587323087, "Schools_to_Bus_knn_access": 2.0, "Schools_to_Bluebike_reach": 4.0, "Schools_to_Bluebike_gravity": 2.5048555879888292, "Schools_to_Bluebike_knn_access": 0.5, "total_knn_access": 2.5, "normalized_knn_access": 0.29411764705882354 }, "geometry": { "type": "Point", "coordinates": [ 232606.0, 902365.0 ] } },
{ "type": "Feature", "properties": { "id": 106, "__GUID": "91af9728-9944-431e-ae80-2cb66697e9b3", "category": "publicschool", "_to_subway_reach_sr800": 0.0, "_to_subway_g_sr800": 0.0, "_to_bluebike_reach_sr800": 3.0, "_to_bluebike_g_sr800": 2.1689789257628287, "_to_bus_reach_sr800": 18.0, "_to_bus_g_sr800": 10.815157945557274, "Schools_to_Train_reach": 0.0, "Schools_to_Train_gravity": 0.0, "Schools_to_Train_knn_access": 0.0, "Schools_to_Bus_reach": 18.0, "Schools_to_Bus_gravity": 10.815157945557274, "Schools_to_Bus_knn_access": 2.0, "Schools_to_Bluebike_reach": 3.0, "Schools_to_Bluebike_gravity": 2.1689789257628287, "Schools_to_Bluebike_knn_access": 0.5, "total_knn_access": 2.5, "normalized_knn_access": 0.29411764705882354 }, "geometry": { "type": "Point", "coordinates": [ 229693.0, 903814.0 ] } },
{ "type": "Feature", "properties": { "id": 107, "__GUID": "2c7be26e-5546-4043-80d4-8d62ba382d4c", "category": "publicschool", "_to_subway_reach_sr800": 1.0, "_to_subway_g_sr800": 0.47122060882002509, "_to_bluebike_reach_sr800": 3.0, "_to_bluebike_g_sr800": 1.8515189687424378, "_to_bus_reach_sr800": 19.0, "_to_bus_g_sr800": 12.474203324872828, "Schools_to_Train_reach": 1.0, "Schools_to_Train_gravity": 0.47122060882002509, "Schools_to_Train_knn_access": 6.0, "Schools_to_Bus_reach": 19.0, "Schools_to_Bus_gravity": 12.474203324872828, "Schools_to_Bus_knn_access": 2.0, "Schools_to_Bluebike_reach": 3.0, "Schools_to_Bluebike_gravity": 1.8515189687424378, "Schools_to_Bluebike_knn_access": 0.5, "total_knn_access": 8.5, "normalized_knn_access": 1.0 }, "geometry": { "type": "Point", "coordinates": [ 230626.0, 904693.0 ] } },
{ "type": "Feature", "properties": { "id": 108, "__GUID": "7d47534c-fca8-4e36-b29a-bebfa841a6f8", "category": "publicschool", "_to_subway_reach_sr800": 0.0, "_to_subway_g_sr800": 0.0, "_to_bluebike_reach_sr800": 3.0, "_to_bluebike_g_sr800": 2.0353014268672589, "_to_bus_reach_sr800": 16.0, "_to_bus_g_sr800": 9.3255812860441853, "Schools_to_Train_reach": 0.0, "Schools_to_Train_gravity": 0.0, "Schools_to_Train_knn_access": 0.0, "Schools_to_Bus_reach": 16.0, "Schools_to_Bus_gravity": 9.3255812860441853, "Schools_to_Bus_knn_access": 2.0, "Schools_to_Bluebike_reach": 3.0, "Schools_to_Bluebike_gravity": 2.0353014268672589, "Schools_to_Bluebike_knn_access": 0.5, "total_knn_access": 2.5, "normalized_knn_access": 0.29411764705882354 }, "geometry": { "type": "Point", "coordinates": [ 231863.0, 901909.0 ] } },
{ "type": "Feature", "properties": { "id": 109, "__GUID": "20c67276-23c6-42f4-8a75-90d85c1f1b71", "category": "publicschool", "_to_subway_reach_sr800": 0.0, "_to_subway_g_sr800": 0.0, "_to_bluebike_reach_sr800": 1.0, "_to_bluebike_g_sr800": 0.58630549749903405, "_to_bus_reach_sr800": 13.0, "_to_bus_g_sr800": 7.756089061912971, "Schools_to_Train_reach": 0.0, "Schools_to_Train_gravity": 0.0, "Schools_to_Train_knn_access": 0.0, "Schools_to_Bus_reach": 13.0, "Schools_to_Bus_gravity": 7.756089061912971, "Schools_to_Bus_knn_access": 2.0, "Schools_to_Bluebike_reach": 1.0, "Schools_to_Bluebike_gravity": 0.58630549749903405, "Schools_to_Bluebike_knn_access": 0.25, "total_knn_access": 2.25, "normalized_knn_access": 0.26470588235294118 }, "geometry": { "type": "Point", "coordinates": [ 234026.0, 902188.0 ] } },
{ "type": "Feature", "properties": { "id": 110, "__GUID": "308b8c7e-4bad-4d4a-ae49-1aaed3728a39", "category": "publicschool", "_to_subway_reach_sr800": 0.0, "_to_subway_g_sr800": 0.0, "_to_bluebike_reach_sr800": 3.0, "_to_bluebike_g_sr800": 2.0341726928833817, "_to_bus_reach_sr800": 16.0, "_to_bus_g_sr800": 9.2841034377164799, "Schools_to_Train_reach": 0.0, "Schools_to_Train_gravity": 0.0, "Schools_to_Train_knn_access": 0.0, "Schools_to_Bus_reach": 16.0, "Schools_to_Bus_gravity": 9.2841034377164799, "Schools_to_Bus_knn_access": 2.0, "Schools_to_Bluebike_reach": 3.0, "Schools_to_Bluebike_gravity": 2.0341726928833817, "Schools_to_Bluebike_knn_access": 0.5, "total_knn_access": 2.5, "normalized_knn_access": 0.29411764705882354 }, "geometry": { "type": "Point", "coordinates": [ 231857.0, 901866.0 ] } },
{ "type": "Feature", "properties": { "id": 111, "__GUID": "f7149643-96c5-4951-a555-8d4afe4bbef4", "category": "publicschool", "_to_subway_reach_sr800": 1.0, "_to_subway_g_sr800": 0.56658806141470019, "_to_bluebike_reach_sr800": 4.0, "_to_bluebike_g_sr800": 2.4105135676703884, "_to_bus_reach_sr800": 27.0, "_to_bus_g_sr800": 16.392091272721824, "Schools_to_Train_reach": 1.0, "Schools_to_Train_gravity": 0.56658806141470019, "Schools_to_Train_knn_access": 6.0, "Schools_to_Bus_reach": 27.0, "Schools_to_Bus_gravity": 16.392091272721824, "Schools_to_Bus_knn_access": 2.0, "Schools_to_Bluebike_reach": 4.0, "Schools_to_Bluebike_gravity": 2.4105135676703884, "Schools_to_Bluebike_knn_access": 0.5, "total_knn_access": 8.5, "normalized_knn_access": 1.0 }, "geometry": { "type": "Point", "coordinates": [ 232273.0, 901464.0 ] } },
{ "type": "Feature", "properties": { "id": 112, "__GUID": "931417f5-592f-4be1-b32a-b4d1bc1e2b95", "category": "publicschool", "_to_subway_reach_sr800": 0.0, "_to_subway_g_sr800": 0.0, "_to_bluebike_reach_sr800": 3.0, "_to_bluebike_g_sr800": 1.5849200839976381, "_to_bus_reach_sr800": 6.0, "_to_bus_g_sr800": 3.5513452237960066, "Schools_to_Train_reach": 0.0, "Schools_to_Train_gravity": 0.0, "Schools_to_Train_knn_access": 0.0, "Schools_to_Bus_reach": 6.0, "Schools_to_Bus_gravity": 3.5513452237960066, "Schools_to_Bus_knn_access": 2.0, "Schools_to_Bluebike_reach": 3.0, "Schools_to_Bluebike_gravity": 1.5849200839976381, "Schools_to_Bluebike_knn_access": 0.5, "total_knn_access": 2.5, "normalized_knn_access": 0.29411764705882354 }, "geometry": { "type": "Point", "coordinates": [ 231565.0, 903608.0 ] } },
{ "type": "Feature", "properties": { "id": 113, "__GUID": "163c7ad0-0784-4293-9992-54df5a4a08e1", "category": "publicschool", "_to_subway_reach_sr800": 0.0, "_to_subway_g_sr800": 0.0, "_to_bluebike_reach_sr800": 3.0, "_to_bluebike_g_sr800": 2.1321010587063354, "_to_bus_reach_sr800": 18.0, "_to_bus_g_sr800": 10.684693920034098, "Schools_to_Train_reach": 0.0, "Schools_to_Train_gravity": 0.0, "Schools_to_Train_knn_access": 0.0, "Schools_to_Bus_reach": 18.0, "Schools_to_Bus_gravity": 10.684693920034098, "Schools_to_Bus_knn_access": 2.0, "Schools_to_Bluebike_reach": 3.0, "Schools_to_Bluebike_gravity": 2.1321010587063354, "Schools_to_Bluebike_knn_access": 0.5, "total_knn_access": 2.5, "normalized_knn_access": 0.29411764705882354 }, "geometry": { "type": "Point", "coordinates": [ 229659.0, 903831.0 ] } },
{ "type": "Feature", "properties": { "id": 114, "__GUID": "00c6c171-64c0-44ad-9b27-4346a5bcde69", "category": "publicschool", "_to_subway_reach_sr800": 1.0, "_to_subway_g_sr800": 0.47973552645289563, "_to_bluebike_reach_sr800": 5.0, "_to_bluebike_g_sr800": 3.2683943017936938, "_to_bus_reach_sr800": 29.0, "_to_bus_g_sr800": 19.091313850204784, "Schools_to_Train_reach": 1.0, "Schools_to_Train_gravity": 0.47973552645289563, "Schools_to_Train_knn_access": 6.0, "Schools_to_Bus_reach": 29.0, "Schools_to_Bus_gravity": 19.091313850204784, "Schools_to_Bus_knn_access": 2.0, "Schools_to_Bluebike_reach": 5.0, "Schools_to_Bluebike_gravity": 3.2683943017936938, "Schools_to_Bluebike_knn_access": 0.5, "total_knn_access": 8.5, "normalized_knn_access": 1.0 }, "geometry": { "type": "Point", "coordinates": [ 231955.0, 902733.0 ] } },
{ "type": "Feature", "properties": { "id": 115, "__GUID": "f578c91e-783e-45ea-a921-893e69351a41", "category": "publicschool", "_to_subway_reach_sr800": 1.0, "_to_subway_g_sr800": 0.46893071619208404, "_to_bluebike_reach_sr800": 5.0, "_to_bluebike_g_sr800": 3.3747757660145492, "_to_bus_reach_sr800": 33.0, "_to_bus_g_sr800": 21.064545759340163, "Schools_to_Train_reach": 1.0, "Schools_to_Train_gravity": 0.46893071619208404, "Schools_to_Train_knn_access": 6.0, "Schools_to_Bus_reach": 33.0, "Schools_to_Bus_gravity": 21.064545759340163, "Schools_to_Bus_knn_access": 2.0, "Schools_to_Bluebike_reach": 5.0, "Schools_to_Bluebike_gravity": 3.3747757660145492, "Schools_to_Bluebike_knn_access": 0.5, "total_knn_access": 8.5, "normalized_knn_access": 1.0 }, "geometry": { "type": "Point", "coordinates": [ 231960.0, 902614.0 ] } },
{ "type": "Feature", "properties": { "id": 116, "__GUID": "54893e70-76ea-42a2-b7c6-c5b704d98e09", "category": "publicschool", "_to_subway_reach_sr800": 1.0, "_to_subway_g_sr800": 0.47051836258123403, "_to_bluebike_reach_sr800": 3.0, "_to_bluebike_g_sr800": 1.9657944522967346, "_to_bus_reach_sr800": 20.0, "_to_bus_g_sr800": 13.515216570699128, "Schools_to_Train_reach": 1.0, "Schools_to_Train_gravity": 0.47051836258123403, "Schools_to_Train_knn_access": 6.0, "Schools_to_Bus_reach": 20.0, "Schools_to_Bus_gravity": 13.515216570699128, "Schools_to_Bus_knn_access": 2.0, "Schools_to_Bluebike_reach": 3.0, "Schools_to_Bluebike_gravity": 1.9657944522967346, "Schools_to_Bluebike_knn_access": 0.5, "total_knn_access": 8.5, "normalized_knn_access": 1.0 }, "geometry": { "type": "Point", "coordinates": [ 230599.0, 904711.0 ] } },
{ "type": "Feature", "properties": { "id": 117, "__GUID": "98f7ceb4-7397-4ae3-9a6c-452ebd056a87", "category": "publicschool", "_to_subway_reach_sr800": 0.0, "_to_subway_g_sr800": 0.0, "_to_bluebike_reach_sr800": 1.0, "_to_bluebike_g_sr800": 0.84671249911696833, "_to_bus_reach_sr800": 8.0, "_to_bus_g_sr800": 5.193225034431995, "Schools_to_Train_reach": 0.0, "Schools_to_Train_gravity": 0.0, "Schools_to_Train_knn_access": 0.0, "Schools_to_Bus_reach": 8.0, "Schools_to_Bus_gravity": 5.193225034431995, "Schools_to_Bus_knn_access": 2.0, "Schools_to_Bluebike_reach": 1.0, "Schools_to_Bluebike_gravity": 0.84671249911696833, "Schools_to_Bluebike_knn_access": 0.25, "total_knn_access": 2.25, "normalized_knn_access": 0.26470588235294118 }, "geometry": { "type": "Point", "coordinates": [ 231906.0, 900673.0 ] } },
{ "type": "Feature", "properties": { "id": 118, "__GUID": "1af39be7-00ea-4389-a228-fc87b952a56a", "category": "publicschool", "_to_subway_reach_sr800": 0.0, "_to_subway_g_sr800": 0.0, "_to_bluebike_reach_sr800": 3.0, "_to_bluebike_g_sr800": 1.5833605089716005, "_to_bus_reach_sr800": 10.0, "_to_bus_g_sr800": 5.5266964032271506, "Schools_to_Train_reach": 0.0, "Schools_to_Train_gravity": 0.0, "Schools_to_Train_knn_access": 0.0, "Schools_to_Bus_reach": 10.0, "Schools_to_Bus_gravity": 5.5266964032271506, "Schools_to_Bus_knn_access": 2.0, "Schools_to_Bluebike_reach": 3.0, "Schools_to_Bluebike_gravity": 1.5833605089716005, "Schools_to_Bluebike_knn_access": 0.5, "total_knn_access": 2.5, "normalized_knn_access": 0.29411764705882354 }, "geometry": { "type": "Point", "coordinates": [ 234049.0, 902184.0 ] } },
{ "type": "Feature", "properties": { "id": 119, "__GUID": "edbbb247-ca50-43c3-ae54-a1b6f1c22951", "category": "publicschool", "_to_subway_reach_sr800": 0.0, "_to_subway_g_sr800": 0.0, "_to_bluebike_reach_sr800": 2.0, "_to_bluebike_g_sr800": 1.1909482948117482, "_to_bus_reach_sr800": 14.0, "_to_bus_g_sr800": 8.4971944351660902, "Schools_to_Train_reach": 0.0, "Schools_to_Train_gravity": 0.0, "Schools_to_Train_knn_access": 0.0, "Schools_to_Bus_reach": 14.0, "Schools_to_Bus_gravity": 8.4971944351660902, "Schools_to_Bus_knn_access": 2.0, "Schools_to_Bluebike_reach": 2.0, "Schools_to_Bluebike_gravity": 1.1909482948117482, "Schools_to_Bluebike_knn_access": 0.5, "total_knn_access": 2.5, "normalized_knn_access": 0.29411764705882354 }, "geometry": { "type": "Point", "coordinates": [ 228611.0, 903118.0 ] } },
{ "type": "Feature", "properties": { "id": 120, "__GUID": "dfa7c700-2ee1-4fdd-ab9f-3aba38544523", "category": "publicschool", "_to_subway_reach_sr800": 0.0, "_to_subway_g_sr800": 0.0, "_to_bluebike_reach_sr800": 3.0, "_to_bluebike_g_sr800": 1.6038652453716633, "_to_bus_reach_sr800": 13.0, "_to_bus_g_sr800": 6.9578602923991308, "Schools_to_Train_reach": 0.0, "Schools_to_Train_gravity": 0.0, "Schools_to_Train_knn_access": 0.0, "Schools_to_Bus_reach": 13.0, "Schools_to_Bus_gravity": 6.9578602923991308, "Schools_to_Bus_knn_access": 2.0, "Schools_to_Bluebike_reach": 3.0, "Schools_to_Bluebike_gravity": 1.6038652453716633, "Schools_to_Bluebike_knn_access": 0.5, "total_knn_access": 2.5, "normalized_knn_access": 0.29411764705882354 }, "geometry": { "type": "Point", "coordinates": [ 230989.0, 903643.0 ] } },
{ "type": "Feature", "properties": { "id": 121, "__GUID": "ef544e97-4450-4e6b-b0ab-75484c660ff4", "category": "publicschool", "_to_subway_reach_sr800": 0.0, "_to_subway_g_sr800": 0.0, "_to_bluebike_reach_sr800": 7.0, "_to_bluebike_g_sr800": 4.0623937007889781, "_to_bus_reach_sr800": 35.0, "_to_bus_g_sr800": 21.415603846134434, "Schools_to_Train_reach": 0.0, "Schools_to_Train_gravity": 0.0, "Schools_to_Train_knn_access": 0.0, "Schools_to_Bus_reach": 35.0, "Schools_to_Bus_gravity": 21.415603846134434, "Schools_to_Bus_knn_access": 2.0, "Schools_to_Bluebike_reach": 7.0, "Schools_to_Bluebike_gravity": 4.0623937007889781, "Schools_to_Bluebike_knn_access": 0.5, "total_knn_access": 2.5, "normalized_knn_access": 0.29411764705882354 }, "geometry": { "type": "Point", "coordinates": [ 233287.0, 901889.0 ] } },
{ "type": "Feature", "properties": { "id": 122, "__GUID": "fdd40a76-cdf1-4a69-989d-a41b9bc40f06", "category": "publicschool", "_to_subway_reach_sr800": 0.0, "_to_subway_g_sr800": 0.0, "_to_bluebike_reach_sr800": 8.0, "_to_bluebike_g_sr800": 4.3349002193259007, "_to_bus_reach_sr800": 44.0, "_to_bus_g_sr800": 26.366455336785204, "Schools_to_Train_reach": 0.0, "Schools_to_Train_gravity": 0.0, "Schools_to_Train_knn_access": 0.0, "Schools_to_Bus_reach": 44.0, "Schools_to_Bus_gravity": 26.366455336785204, "Schools_to_Bus_knn_access": 2.0, "Schools_to_Bluebike_reach": 8.0, "Schools_to_Bluebike_gravity": 4.3349002193259007, "Schools_to_Bluebike_knn_access": 0.5, "total_knn_access": 2.5, "normalized_knn_access": 0.29411764705882354 }, "geometry": { "type": "Point", "coordinates": [ 233121.0, 902166.0 ] } },
{ "type": "Feature", "properties": { "id": 123, "__GUID": "c31a4918-bab7-4c41-9385-b1e029b72efc", "category": "publicschool", "_to_subway_reach_sr800": 1.0, "_to_subway_g_sr800": 0.47973552645289563, "_to_bluebike_reach_sr800": 5.0, "_to_bluebike_g_sr800": 3.2683943017936938, "_to_bus_reach_sr800": 29.0, "_to_bus_g_sr800": 19.091313850204784, "Schools_to_Train_reach": 1.0, "Schools_to_Train_gravity": 0.47973552645289563, "Schools_to_Train_knn_access": 6.0, "Schools_to_Bus_reach": 29.0, "Schools_to_Bus_gravity": 19.091313850204784, "Schools_to_Bus_knn_access": 2.0, "Schools_to_Bluebike_reach": 5.0, "Schools_to_Bluebike_gravity": 3.2683943017936938, "Schools_to_Bluebike_knn_access": 0.5, "total_knn_access": 8.5, "normalized_knn_access": 1.0 }, "geometry": { "type": "Point", "coordinates": [ 231965.0, 902728.0 ] } },
{ "type": "Feature", "properties": { "id": 124, "__GUID": "c6c33433-c053-4300-9e26-bc23c8e377b6", "category": "youthcenter", "_to_subway_reach_sr800": 1.0, "_to_subway_g_sr800": 0.57049895913323312, "_to_bluebike_reach_sr800": 5.0, "_to_bluebike_g_sr800": 3.0174816983105632, "_to_bus_reach_sr800": 48.0, "_to_bus_g_sr800": 28.934958832637669, "Schools_to_Train_reach": 1.0, "Schools_to_Train_gravity": 0.57049895913323312, "Schools_to_Train_knn_access": 6.0, "Schools_to_Bus_reach": 48.0, "Schools_to_Bus_gravity": 28.934958832637669, "Schools_to_Bus_knn_access": 2.0, "Schools_to_Bluebike_reach": 5.0, "Schools_to_Bluebike_gravity": 3.0174816983105632, "Schools_to_Bluebike_knn_access": 0.5, "total_knn_access": 8.5, "normalized_knn_access": 1.0 }, "geometry": { "type": "Point", "coordinates": [ 232670.0, 902194.0 ] } },
{ "type": "Feature", "properties": { "id": 125, "__GUID": "cf799790-0833-44bf-b431-c48f2157196a", "category": "youthcenter", "_to_subway_reach_sr800": 0.0, "_to_subway_g_sr800": 0.0, "_to_bluebike_reach_sr800": 1.0, "_to_bluebike_g_sr800": 0.9151632146754809, "_to_bus_reach_sr800": 11.0, "_to_bus_g_sr800": 7.0141068162839852, "Schools_to_Train_reach": 0.0, "Schools_to_Train_gravity": 0.0, "Schools_to_Train_knn_access": 0.0, "Schools_to_Bus_reach": 11.0, "Schools_to_Bus_gravity": 7.0141068162839852, "Schools_to_Bus_knn_access": 2.0, "Schools_to_Bluebike_reach": 1.0, "Schools_to_Bluebike_gravity": 0.9151632146754809, "Schools_to_Bluebike_knn_access": 0.25, "total_knn_access": 2.25, "normalized_knn_access": 0.26470588235294118 }, "geometry": { "type": "Point", "coordinates": [ 228487.0, 903371.0 ] } },
{ "type": "Feature", "properties": { "id": 126, "__GUID": "34512bed-75bb-4e63-9850-1ddfc46344b5", "category": "youthcenter", "_to_subway_reach_sr800": 1.0, "_to_subway_g_sr800": 0.48960284480177185, "_to_bluebike_reach_sr800": 4.0, "_to_bluebike_g_sr800": 2.2109891770445302, "_to_bus_reach_sr800": 23.0, "_to_bus_g_sr800": 13.7474091653666, "Schools_to_Train_reach": 1.0, "Schools_to_Train_gravity": 0.48960284480177185, "Schools_to_Train_knn_access": 6.0, "Schools_to_Bus_reach": 23.0, "Schools_to_Bus_gravity": 13.7474091653666, "Schools_to_Bus_knn_access": 2.0, "Schools_to_Bluebike_reach": 4.0, "Schools_to_Bluebike_gravity": 2.2109891770445302, "Schools_to_Bluebike_knn_access": 0.5, "total_knn_access": 8.5, "normalized_knn_access": 1.0 }, "geometry": { "type": "Point", "coordinates": [ 232023.0, 901584.0 ] } },
{ "type": "Feature", "properties": { "id": 127, "__GUID": "9e6c8c74-1261-4ea4-aaf3-6557a510c3da", "category": "youthcenter", "_to_subway_reach_sr800": 0.0, "_to_subway_g_sr800": 0.0, "_to_bluebike_reach_sr800": 4.0, "_to_bluebike_g_sr800": 2.401310461831482, "_to_bus_reach_sr800": 19.0, "_to_bus_g_sr800": 11.769140353719665, "Schools_to_Train_reach": 0.0, "Schools_to_Train_gravity": 0.0, "Schools_to_Train_knn_access": 0.0, "Schools_to_Bus_reach": 19.0, "Schools_to_Bus_gravity": 11.769140353719665, "Schools_to_Bus_knn_access": 2.0, "Schools_to_Bluebike_reach": 4.0, "Schools_to_Bluebike_gravity": 2.401310461831482, "Schools_to_Bluebike_knn_access": 0.5, "total_knn_access": 2.5, "normalized_knn_access": 0.29411764705882354 }, "geometry": { "type": "Point", "coordinates": [ 230598.0, 904674.0 ] } },
{ "type": "Feature", "properties": { "id": 128, "__GUID": "d471097f-d067-4fba-b783-b4b03f4f9193", "category": "youthcenter", "_to_subway_reach_sr800": 0.0, "_to_subway_g_sr800": 0.0, "_to_bluebike_reach_sr800": 4.0, "_to_bluebike_g_sr800": 2.2831173302022076, "_to_bus_reach_sr800": 28.0, "_to_bus_g_sr800": 16.888012787057516, "Schools_to_Train_reach": 0.0, "Schools_to_Train_gravity": 0.0, "Schools_to_Train_knn_access": 0.0, "Schools_to_Bus_reach": 28.0, "Schools_to_Bus_gravity": 16.888012787057516, "Schools_to_Bus_knn_access": 2.0, "Schools_to_Bluebike_reach": 4.0, "Schools_to_Bluebike_gravity": 2.2831173302022076, "Schools_to_Bluebike_knn_access": 0.5, "total_knn_access": 2.5, "normalized_knn_access": 0.29411764705882354 }, "geometry": { "type": "Point", "coordinates": [ 233588.0, 902365.0 ] } },
{ "type": "Feature", "properties": { "id": 129, "__GUID": "42e1c319-a3a0-43ec-9341-120397491c65", "category": "youthcenter", "_to_subway_reach_sr800": 1.0, "_to_subway_g_sr800": 0.65066296625987663, "_to_bluebike_reach_sr800": 6.0, "_to_bluebike_g_sr800": 3.4689378745712287, "_to_bus_reach_sr800": 45.0, "_to_bus_g_sr800": 27.88262857928251, "Schools_to_Train_reach": 1.0, "Schools_to_Train_gravity": 0.65066296625987663, "Schools_to_Train_knn_access": 6.0, "Schools_to_Bus_reach": 45.0, "Schools_to_Bus_gravity": 27.88262857928251, "Schools_to_Bus_knn_access": 2.0, "Schools_to_Bluebike_reach": 6.0, "Schools_to_Bluebike_gravity": 3.4689378745712287, "Schools_to_Bluebike_knn_access": 0.5, "total_knn_access": 8.5, "normalized_knn_access": 1.0 }, "geometry": { "type": "Point", "coordinates": [ 232868.0, 902045.0 ] } },
{ "type": "Feature", "properties": { "id": 130, "__GUID": "13b9dd40-84a3-4a37-bbf4-d6622165124b", "category": "daycare", "_to_subway_reach_sr800": 0.0, "_to_subway_g_sr800": 0.0, "_to_bluebike_reach_sr800": 2.0, "_to_bluebike_g_sr800": 1.1732842254765559, "_to_bus_reach_sr800": 4.0, "_to_bus_g_sr800": 2.0140439621651565, "Schools_to_Train_reach": 0.0, "Schools_to_Train_gravity": 0.0, "Schools_to_Train_knn_access": 0.0, "Schools_to_Bus_reach": 4.0, "Schools_to_Bus_gravity": 2.0140439621651565, "Schools_to_Bus_knn_access": 1.75, "Schools_to_Bluebike_reach": 2.0, "Schools_to_Bluebike_gravity": 1.1732842254765559, "Schools_to_Bluebike_knn_access": 0.5, "total_knn_access": 2.25, "normalized_knn_access": 0.26470588235294118 }, "geometry": { "type": "Point", "coordinates": [ 232911.0, 900859.0 ] } },
{ "type": "Feature", "properties": { "id": 131, "__GUID": "105b02b6-c214-447f-8333-300a85136475", "category": "daycare", "_to_subway_reach_sr800": 0.0, "_to_subway_g_sr800": 0.0, "_to_bluebike_reach_sr800": 1.0, "_to_bluebike_g_sr800": 0.86209315009079734, "_to_bus_reach_sr800": 12.0, "_to_bus_g_sr800": 8.0356400079571202, "Schools_to_Train_reach": 0.0, "Schools_to_Train_gravity": 0.0, "Schools_to_Train_knn_access": 0.0, "Schools_to_Bus_reach": 12.0, "Schools_to_Bus_gravity": 8.0356400079571202, "Schools_to_Bus_knn_access": 2.0, "Schools_to_Bluebike_reach": 1.0, "Schools_to_Bluebike_gravity": 0.86209315009079734, "Schools_to_Bluebike_knn_access": 0.25, "total_knn_access": 2.25, "normalized_knn_access": 0.26470588235294118 }, "geometry": { "type": "Point", "coordinates": [ 230323.0, 905435.0 ] } },
{ "type": "Feature", "properties": { "id": 132, "__GUID": "abfd4afe-9e17-4a80-86c8-7708b7c2ddd9", "category": "daycare", "_to_subway_reach_sr800": 0.0, "_to_subway_g_sr800": 0.0, "_to_bluebike_reach_sr800": 6.0, "_to_bluebike_g_sr800": 3.2350853039494734, "_to_bus_reach_sr800": 24.0, "_to_bus_g_sr800": 14.064803704564071, "Schools_to_Train_reach": 0.0, "Schools_to_Train_gravity": 0.0, "Schools_to_Train_knn_access": 0.0, "Schools_to_Bus_reach": 24.0, "Schools_to_Bus_gravity": 14.064803704564071, "Schools_to_Bus_knn_access": 2.0, "Schools_to_Bluebike_reach": 6.0, "Schools_to_Bluebike_gravity": 3.2350853039494734, "Schools_to_Bluebike_knn_access": 0.5, "total_knn_access": 2.5, "normalized_knn_access": 0.29411764705882354 }, "geometry": { "type": "Point", "coordinates": [ 233752.0, 902106.0 ] } },
{ "type": "Feature", "properties": { "id": 133, "__GUID": "774f7eda-8c8b-4e1d-8fba-083b162b1942", "category": "daycare", "_to_subway_reach_sr800": 1.0, "_to_subway_g_sr800": 0.47745631469633482, "_to_bluebike_reach_sr800": 5.0, "_to_bluebike_g_sr800": 3.0302354615817513, "_to_bus_reach_sr800": 45.0, "_to_bus_g_sr800": 27.209306710786354, "Schools_to_Train_reach": 1.0, "Schools_to_Train_gravity": 0.47745631469633482, "Schools_to_Train_knn_access": 6.0, "Schools_to_Bus_reach": 45.0, "Schools_to_Bus_gravity": 27.209306710786354, "Schools_to_Bus_knn_access": 2.0, "Schools_to_Bluebike_reach": 5.0, "Schools_to_Bluebike_gravity": 3.0302354615817513, "Schools_to_Bluebike_knn_access": 0.5, "total_knn_access": 8.5, "normalized_knn_access": 1.0 }, "geometry": { "type": "Point", "coordinates": [ 232581.0, 902302.0 ] } },
{ "type": "Feature", "properties": { "id": 134, "__GUID": "4789cc96-8152-4f88-bd05-446c64884e71", "category": "daycare", "_to_subway_reach_sr800": 0.0, "_to_subway_g_sr800": 0.0, "_to_bluebike_reach_sr800": 3.0, "_to_bluebike_g_sr800": 2.250061970503241, "_to_bus_reach_sr800": 36.0, "_to_bus_g_sr800": 22.647330874296635, "Schools_to_Train_reach": 0.0, "Schools_to_Train_gravity": 0.0, "Schools_to_Train_knn_access": 0.0, "Schools_to_Bus_reach": 36.0, "Schools_to_Bus_gravity": 22.647330874296635, "Schools_to_Bus_knn_access": 2.0, "Schools_to_Bluebike_reach": 3.0, "Schools_to_Bluebike_gravity": 2.250061970503241, "Schools_to_Bluebike_knn_access": 0.5, "total_knn_access": 2.5, "normalized_knn_access": 0.29411764705882354 }, "geometry": { "type": "Point", "coordinates": [ 233174.0, 902594.0 ] } },
{ "type": "Feature", "properties": { "id": 135, "__GUID": "9342701e-04d8-4b36-b6df-4484864e4890", "category": "daycare", "_to_subway_reach_sr800": 0.0, "_to_subway_g_sr800": 0.0, "_to_bluebike_reach_sr800": 2.0, "_to_bluebike_g_sr800": 1.4340248914009026, "_to_bus_reach_sr800": 17.0, "_to_bus_g_sr800": 10.491703707538209, "Schools_to_Train_reach": 0.0, "Schools_to_Train_gravity": 0.0, "Schools_to_Train_knn_access": 0.0, "Schools_to_Bus_reach": 17.0, "Schools_to_Bus_gravity": 10.491703707538209, "Schools_to_Bus_knn_access": 2.0, "Schools_to_Bluebike_reach": 2.0, "Schools_to_Bluebike_gravity": 1.4340248914009026, "Schools_to_Bluebike_knn_access": 0.5, "total_knn_access": 2.5, "normalized_knn_access": 0.29411764705882354 }, "geometry": { "type": "Point", "coordinates": [ 230070.0, 903455.0 ] } },
{ "type": "Feature", "properties": { "id": 136, "__GUID": "4c72f0e6-8397-47c4-a065-1e2285e5122d", "category": "daycare", "_to_subway_reach_sr800": 1.0, "_to_subway_g_sr800": 0.48147395044298963, "_to_bluebike_reach_sr800": 8.0, "_to_bluebike_g_sr800": 4.4080649107617171, "_to_bus_reach_sr800": 47.0, "_to_bus_g_sr800": 28.463307998066398, "Schools_to_Train_reach": 1.0, "Schools_to_Train_gravity": 0.48147395044298963, "Schools_to_Train_knn_access": 6.0, "Schools_to_Bus_reach": 47.0, "Schools_to_Bus_gravity": 28.463307998066398, "Schools_to_Bus_knn_access": 2.0, "Schools_to_Bluebike_reach": 8.0, "Schools_to_Bluebike_gravity": 4.4080649107617171, "Schools_to_Bluebike_knn_access": 0.5, "total_knn_access": 8.5, "normalized_knn_access": 1.0 }, "geometry": { "type": "Point", "coordinates": [ 233084.0, 902038.0 ] } },
{ "type": "Feature", "properties": { "id": 137, "__GUID": "73996317-8c52-4871-b86b-e829adfc1c6f", "category": "daycare", "_to_subway_reach_sr800": 0.0, "_to_subway_g_sr800": 0.0, "_to_bluebike_reach_sr800": 3.0, "_to_bluebike_g_sr800": 1.7558951811000352, "_to_bus_reach_sr800": 28.0, "_to_bus_g_sr800": 17.260130827472992, "Schools_to_Train_reach": 0.0, "Schools_to_Train_gravity": 0.0, "Schools_to_Train_knn_access": 0.0, "Schools_to_Bus_reach": 28.0, "Schools_to_Bus_gravity": 17.260130827472992, "Schools_to_Bus_knn_access": 2.0, "Schools_to_Bluebike_reach": 3.0, "Schools_to_Bluebike_gravity": 1.7558951811000352, "Schools_to_Bluebike_knn_access": 0.5, "total_knn_access": 2.5, "normalized_knn_access": 0.29411764705882354 }, "geometry": { "type": "Point", "coordinates": [ 233638.0, 902541.0 ] } },
{ "type": "Feature", "properties": { "id": 138, "__GUID": "39a75c97-2344-4e77-9023-8468e341ec11", "category": "daycare", "_to_subway_reach_sr800": 1.0, "_to_subway_g_sr800": 0.46051020265128828, "_to_bluebike_reach_sr800": 4.0, "_to_bluebike_g_sr800": 2.5970078227155278, "_to_bus_reach_sr800": 43.0, "_to_bus_g_sr800": 26.50190602918196, "Schools_to_Train_reach": 1.0, "Schools_to_Train_gravity": 0.46051020265128828, "Schools_to_Train_knn_access": 6.0, "Schools_to_Bus_reach": 43.0, "Schools_to_Bus_gravity": 26.50190602918196, "Schools_to_Bus_knn_access": 2.0, "Schools_to_Bluebike_reach": 4.0, "Schools_to_Bluebike_gravity": 2.5970078227155278, "Schools_to_Bluebike_knn_access": 0.5, "total_knn_access": 8.5, "normalized_knn_access": 1.0 }, "geometry": { "type": "Point", "coordinates": [ 232565.0, 902312.0 ] } },
{ "type": "Feature", "properties": { "id": 139, "__GUID": "2d7e05a7-1392-456e-a253-115236f12089", "category": "daycare", "_to_subway_reach_sr800": 0.0, "_to_subway_g_sr800": 0.0, "_to_bluebike_reach_sr800": 3.0, "_to_bluebike_g_sr800": 1.4294541120268554, "_to_bus_reach_sr800": 16.0, "_to_bus_g_sr800": 11.209422650872943, "Schools_to_Train_reach": 0.0, "Schools_to_Train_gravity": 0.0, "Schools_to_Train_knn_access": 0.0, "Schools_to_Bus_reach": 16.0, "Schools_to_Bus_gravity": 11.209422650872943, "Schools_to_Bus_knn_access": 2.0, "Schools_to_Bluebike_reach": 3.0, "Schools_to_Bluebike_gravity": 1.4294541120268554, "Schools_to_Bluebike_knn_access": 0.5, "total_knn_access": 2.5, "normalized_knn_access": 0.29411764705882354 }, "geometry": { "type": "Point", "coordinates": [ 234168.0, 902452.0 ] } },
{ "type": "Feature", "properties": { "id": 140, "__GUID": "b7087584-2bbf-455e-8a41-ee7b264af97c", "category": "daycare", "_to_subway_reach_sr800": 1.0, "_to_subway_g_sr800": 0.89288770932059447, "_to_bluebike_reach_sr800": 3.0, "_to_bluebike_g_sr800": 2.2784176688395306, "_to_bus_reach_sr800": 5.0, "_to_bus_g_sr800": 2.6692944936080933, "Schools_to_Train_reach": 1.0, "Schools_to_Train_gravity": 0.89288770932059447, "Schools_to_Train_knn_access": 6.0, "Schools_to_Bus_reach": 5.0, "Schools_to_Bus_gravity": 2.6692944936080933, "Schools_to_Bus_knn_access": 2.0, "Schools_to_Bluebike_reach": 3.0, "Schools_to_Bluebike_gravity": 2.2784176688395306, "Schools_to_Bluebike_knn_access": 0.5, "total_knn_access": 8.5, "normalized_knn_access": 1.0 }, "geometry": { "type": "Point", "coordinates": [ 229432.0, 904941.0 ] } },
{ "type": "Feature", "properties": { "id": 141, "__GUID": "74df2f93-5baa-4656-9429-373eb0a1d41c", "category": "daycare", "_to_subway_reach_sr800": 0.0, "_to_subway_g_sr800": 0.0, "_to_bluebike_reach_sr800": 6.0, "_to_bluebike_g_sr800": 3.7401224600000367, "_to_bus_reach_sr800": 33.0, "_to_bus_g_sr800": 18.125991527141668, "Schools_to_Train_reach": 0.0, "Schools_to_Train_gravity": 0.0, "Schools_to_Train_knn_access": 0.0, "Schools_to_Bus_reach": 33.0, "Schools_to_Bus_gravity": 18.125991527141668, "Schools_to_Bus_knn_access": 2.0, "Schools_to_Bluebike_reach": 6.0, "Schools_to_Bluebike_gravity": 3.7401224600000367, "Schools_to_Bluebike_knn_access": 0.5, "total_knn_access": 2.5, "normalized_knn_access": 0.29411764705882354 }, "geometry": { "type": "Point", "coordinates": [ 233229.0, 901648.0 ] } },
{ "type": "Feature", "properties": { "id": 142, "__GUID": "344d199b-0006-43f9-b405-7fe67586d5b9", "category": "daycare", "_to_subway_reach_sr800": 2.0, "_to_subway_g_sr800": 1.07767503230963, "_to_bluebike_reach_sr800": 4.0, "_to_bluebike_g_sr800": 2.6184083088971639, "_to_bus_reach_sr800": 19.0, "_to_bus_g_sr800": 12.943066085282872, "Schools_to_Train_reach": 2.0, "Schools_to_Train_gravity": 1.07767503230963, "Schools_to_Train_knn_access": 6.0, "Schools_to_Bus_reach": 19.0, "Schools_to_Bus_gravity": 12.943066085282872, "Schools_to_Bus_knn_access": 2.0, "Schools_to_Bluebike_reach": 4.0, "Schools_to_Bluebike_gravity": 2.6184083088971639, "Schools_to_Bluebike_knn_access": 0.5, "total_knn_access": 8.5, "normalized_knn_access": 1.0 }, "geometry": { "type": "Point", "coordinates": [ 231038.0, 904631.0 ] } },
{ "type": "Feature", "properties": { "id": 143, "__GUID": "1a340859-1956-4cec-9610-c017262692a5", "category": "daycare", "_to_subway_reach_sr800": 1.0, "_to_subway_g_sr800": 0.59289597632297553, "_to_bluebike_reach_sr800": 7.0, "_to_bluebike_g_sr800": 3.8571138930225177, "_to_bus_reach_sr800": 46.0, "_to_bus_g_sr800": 29.590541642312242, "Schools_to_Train_reach": 1.0, "Schools_to_Train_gravity": 0.59289597632297553, "Schools_to_Train_knn_access": 6.0, "Schools_to_Bus_reach": 46.0, "Schools_to_Bus_gravity": 29.590541642312242, "Schools_to_Bus_knn_access": 2.0, "Schools_to_Bluebike_reach": 7.0, "Schools_to_Bluebike_gravity": 3.8571138930225177, "Schools_to_Bluebike_knn_access": 0.5, "total_knn_access": 8.5, "normalized_knn_access": 1.0 }, "geometry": { "type": "Point", "coordinates": [ 232898.0, 902186.0 ] } },
{ "type": "Feature", "properties": { "id": 144, "__GUID": "f871a32e-8afb-4655-b87c-2627f66664e8", "category": "daycare", "_to_subway_reach_sr800": 0.0, "_to_subway_g_sr800": 0.0, "_to_bluebike_reach_sr800": 3.0, "_to_bluebike_g_sr800": 2.1477974160366555, "_to_bus_reach_sr800": 18.0, "_to_bus_g_sr800": 10.711992258460871, "Schools_to_Train_reach": 0.0, "Schools_to_Train_gravity": 0.0, "Schools_to_Train_knn_access": 0.0, "Schools_to_Bus_reach": 18.0, "Schools_to_Bus_gravity": 10.711992258460871, "Schools_to_Bus_knn_access": 2.0, "Schools_to_Bluebike_reach": 3.0, "Schools_to_Bluebike_gravity": 2.1477974160366555, "Schools_to_Bluebike_knn_access": 0.5, "total_knn_access": 2.5, "normalized_knn_access": 0.29411764705882354 }, "geometry": { "type": "Point", "coordinates": [ 229672.0, 903820.0 ] } },
{ "type": "Feature", "properties": { "id": 145, "__GUID": "6fcdd1a2-f53b-4cd4-ad29-d719a1b7bee3", "category": "daycare", "_to_subway_reach_sr800": 0.0, "_to_subway_g_sr800": 0.0, "_to_bluebike_reach_sr800": 1.0, "_to_bluebike_g_sr800": 0.84633567188792547, "_to_bus_reach_sr800": 0.0, "_to_bus_g_sr800": 0.0, "Schools_to_Train_reach": 0.0, "Schools_to_Train_gravity": 0.0, "Schools_to_Train_knn_access": 0.0, "Schools_to_Bus_reach": 0.0, "Schools_to_Bus_gravity": 0.0, "Schools_to_Bus_knn_access": 0.0, "Schools_to_Bluebike_reach": 1.0, "Schools_to_Bluebike_gravity": 0.84633567188792547, "Schools_to_Bluebike_knn_access": 0.25, "total_knn_access": 0.25, "normalized_knn_access": 0.029411764705882353 }, "geometry": { "type": "Point", "coordinates": [ 232686.0, 900577.0 ] } },
{ "type": "Feature", "properties": { "id": 146, "__GUID": "9d19ba3b-9c44-480e-80fa-9fed71b56ca1", "category": "daycare", "_to_subway_reach_sr800": 0.0, "_to_subway_g_sr800": 0.0, "_to_bluebike_reach_sr800": 2.0, "_to_bluebike_g_sr800": 1.4726528336232776, "_to_bus_reach_sr800": 10.0, "_to_bus_g_sr800": 5.4180169361445101, "Schools_to_Train_reach": 0.0, "Schools_to_Train_gravity": 0.0, "Schools_to_Train_knn_access": 0.0, "Schools_to_Bus_reach": 10.0, "Schools_to_Bus_gravity": 5.4180169361445101, "Schools_to_Bus_knn_access": 2.0, "Schools_to_Bluebike_reach": 2.0, "Schools_to_Bluebike_gravity": 1.4726528336232776, "Schools_to_Bluebike_knn_access": 0.5, "total_knn_access": 2.5, "normalized_knn_access": 0.29411764705882354 }, "geometry": { "type": "Point", "coordinates": [ 231665.0, 901784.0 ] } },
{ "type": "Feature", "properties": { "id": 147, "__GUID": "abede3bb-d4db-425d-8780-e3a234163627", "category": "daycare", "_to_subway_reach_sr800": 1.0, "_to_subway_g_sr800": 0.4887149770807262, "_to_bluebike_reach_sr800": 4.0, "_to_bluebike_g_sr800": 2.2069796702724158, "_to_bus_reach_sr800": 23.0, "_to_bus_g_sr800": 13.733014938304445, "Schools_to_Train_reach": 1.0, "Schools_to_Train_gravity": 0.4887149770807262, "Schools_to_Train_knn_access": 6.0, "Schools_to_Bus_reach": 23.0, "Schools_to_Bus_gravity": 13.733014938304445, "Schools_to_Bus_knn_access": 2.0, "Schools_to_Bluebike_reach": 4.0, "Schools_to_Bluebike_gravity": 2.2069796702724158, "Schools_to_Bluebike_knn_access": 0.5, "total_knn_access": 8.5, "normalized_knn_access": 1.0 }, "geometry": { "type": "Point", "coordinates": [ 232022.0, 901581.0 ] } },
{ "type": "Feature", "properties": { "id": 148, "__GUID": "1cbfa663-19e8-4496-adef-3b27caa5c7a0", "category": "daycare", "_to_subway_reach_sr800": 1.0, "_to_subway_g_sr800": 0.54258568438632038, "_to_bluebike_reach_sr800": 6.0, "_to_bluebike_g_sr800": 3.4265668217669116, "_to_bus_reach_sr800": 28.0, "_to_bus_g_sr800": 16.578729173860545, "Schools_to_Train_reach": 1.0, "Schools_to_Train_gravity": 0.54258568438632038, "Schools_to_Train_knn_access": 6.0, "Schools_to_Bus_reach": 28.0, "Schools_to_Bus_gravity": 16.578729173860545, "Schools_to_Bus_knn_access": 2.0, "Schools_to_Bluebike_reach": 6.0, "Schools_to_Bluebike_gravity": 3.4265668217669116, "Schools_to_Bluebike_knn_access": 0.5, "total_knn_access": 8.5, "normalized_knn_access": 1.0 }, "geometry": { "type": "Point", "coordinates": [ 231043.0, 902961.0 ] } },
{ "type": "Feature", "properties": { "id": 149, "__GUID": "e5a136f5-0f82-4d1a-aa12-60cebaf680d2", "category": "daycare", "_to_subway_reach_sr800": 1.0, "_to_subway_g_sr800": 0.848632152199988, "_to_bluebike_reach_sr800": 3.0, "_to_bluebike_g_sr800": 2.2337084482589065, "_to_bus_reach_sr800": 5.0, "_to_bus_g_sr800": 2.930282662923902, "Schools_to_Train_reach": 1.0, "Schools_to_Train_gravity": 0.848632152199988, "Schools_to_Train_knn_access": 6.0, "Schools_to_Bus_reach": 5.0, "Schools_to_Bus_gravity": 2.930282662923902, "Schools_to_Bus_knn_access": 2.0, "Schools_to_Bluebike_reach": 3.0, "Schools_to_Bluebike_gravity": 2.2337084482589065, "Schools_to_Bluebike_knn_access": 0.5, "total_knn_access": 8.5, "normalized_knn_access": 1.0 }, "geometry": { "type": "Point", "coordinates": [ 229523.0, 905019.0 ] } },
{ "type": "Feature", "properties": { "id": 150, "__GUID": "fd1c6190-9031-41da-8ca4-b5c3a8782dd2", "category": "daycare", "_to_subway_reach_sr800": 0.0, "_to_subway_g_sr800": 0.0, "_to_bluebike_reach_sr800": 3.0, "_to_bluebike_g_sr800": 1.750344585015394, "_to_bus_reach_sr800": 28.0, "_to_bus_g_sr800": 17.064646111654124, "Schools_to_Train_reach": 0.0, "Schools_to_Train_gravity": 0.0, "Schools_to_Train_knn_access": 0.0, "Schools_to_Bus_reach": 28.0, "Schools_to_Bus_gravity": 17.064646111654124, "Schools_to_Bus_knn_access": 2.0, "Schools_to_Bluebike_reach": 3.0, "Schools_to_Bluebike_gravity": 1.750344585015394, "Schools_to_Bluebike_knn_access": 0.5, "total_knn_access": 2.5, "normalized_knn_access": 0.29411764705882354 }, "geometry": { "type": "Point", "coordinates": [ 233640.0, 902475.0 ] } },
{ "type": "Feature", "properties": { "id": 151, "__GUID": "a7d1478c-1746-4f74-9462-f3ebc1b1b27f", "category": "daycare", "_to_subway_reach_sr800": 0.0, "_to_subway_g_sr800": 0.0, "_to_bluebike_reach_sr800": 4.0, "_to_bluebike_g_sr800": 2.3699483672820043, "_to_bus_reach_sr800": 18.0, "_to_bus_g_sr800": 9.9072782335412963, "Schools_to_Train_reach": 0.0, "Schools_to_Train_gravity": 0.0, "Schools_to_Train_knn_access": 0.0, "Schools_to_Bus_reach": 18.0, "Schools_to_Bus_gravity": 9.9072782335412963, "Schools_to_Bus_knn_access": 2.0, "Schools_to_Bluebike_reach": 4.0, "Schools_to_Bluebike_gravity": 2.3699483672820043, "Schools_to_Bluebike_knn_access": 0.5, "total_knn_access": 2.5, "normalized_knn_access": 0.29411764705882354 }, "geometry": { "type": "Point", "coordinates": [ 231884.0, 901883.0 ] } },
{ "type": "Feature", "properties": { "id": 152, "__GUID": "b4157100-7345-4ece-9091-b0e9e08d7ec3", "category": "daycare", "_to_subway_reach_sr800": 1.0, "_to_subway_g_sr800": 0.75577587735948037, "_to_bluebike_reach_sr800": 4.0, "_to_bluebike_g_sr800": 2.6743168725119308, "_to_bus_reach_sr800": 18.0, "_to_bus_g_sr800": 12.006576823239193, "Schools_to_Train_reach": 1.0, "Schools_to_Train_gravity": 0.75577587735948037, "Schools_to_Train_knn_access": 6.0, "Schools_to_Bus_reach": 18.0, "Schools_to_Bus_gravity": 12.006576823239193, "Schools_to_Bus_knn_access": 2.0, "Schools_to_Bluebike_reach": 4.0, "Schools_to_Bluebike_gravity": 2.6743168725119308, "Schools_to_Bluebike_knn_access": 0.5, "total_knn_access": 8.5, "normalized_knn_access": 1.0 }, "geometry": { "type": "Point", "coordinates": [ 231208.0, 904528.0 ] } },
{ "type": "Feature", "properties": { "id": 153, "__GUID": "e32c791c-da88-45e7-8beb-4305255e103f", "category": "daycare", "_to_subway_reach_sr800": 0.0, "_to_subway_g_sr800": 0.0, "_to_bluebike_reach_sr800": 4.0, "_to_bluebike_g_sr800": 2.2816040834326876, "_to_bus_reach_sr800": 28.0, "_to_bus_g_sr800": 16.889058219078091, "Schools_to_Train_reach": 0.0, "Schools_to_Train_gravity": 0.0, "Schools_to_Train_knn_access": 0.0, "Schools_to_Bus_reach": 28.0, "Schools_to_Bus_gravity": 16.889058219078091, "Schools_to_Bus_knn_access": 2.0, "Schools_to_Bluebike_reach": 4.0, "Schools_to_Bluebike_gravity": 2.2816040834326876, "Schools_to_Bluebike_knn_access": 0.5, "total_knn_access": 2.5, "normalized_knn_access": 0.29411764705882354 }, "geometry": { "type": "Point", "coordinates": [ 233583.0, 902369.0 ] } },
{ "type": "Feature", "properties": { "id": 154, "__GUID": "b9a11820-90ea-45f9-b57e-32441d20d121", "category": "daycare", "_to_subway_reach_sr800": 1.0, "_to_subway_g_sr800": 0.69839656862712018, "_to_bluebike_reach_sr800": 7.0, "_to_bluebike_g_sr800": 4.0216130170716502, "_to_bus_reach_sr800": 35.0, "_to_bus_g_sr800": 22.161093967417898, "Schools_to_Train_reach": 1.0, "Schools_to_Train_gravity": 0.69839656862712018, "Schools_to_Train_knn_access": 6.0, "Schools_to_Bus_reach": 35.0, "Schools_to_Bus_gravity": 22.161093967417898, "Schools_to_Bus_knn_access": 2.0, "Schools_to_Bluebike_reach": 7.0, "Schools_to_Bluebike_gravity": 4.0216130170716502, "Schools_to_Bluebike_knn_access": 0.5, "total_knn_access": 8.5, "normalized_knn_access": 1.0 }, "geometry": { "type": "Point", "coordinates": [ 232823.0, 901939.0 ] } },
{ "type": "Feature", "properties": { "id": 155, "__GUID": "e50d1c01-e922-4adc-93e7-3ff3b842fad7", "category": "daycare", "_to_subway_reach_sr800": 1.0, "_to_subway_g_sr800": 0.65268093448878906, "_to_bluebike_reach_sr800": 6.0, "_to_bluebike_g_sr800": 3.4722356603466293, "_to_bus_reach_sr800": 45.0, "_to_bus_g_sr800": 27.858116757867112, "Schools_to_Train_reach": 1.0, "Schools_to_Train_gravity": 0.65268093448878906, "Schools_to_Train_knn_access": 6.0, "Schools_to_Bus_reach": 45.0, "Schools_to_Bus_gravity": 27.858116757867112, "Schools_to_Bus_knn_access": 2.0, "Schools_to_Bluebike_reach": 6.0, "Schools_to_Bluebike_gravity": 3.4722356603466293, "Schools_to_Bluebike_knn_access": 0.5, "total_knn_access": 8.5, "normalized_knn_access": 1.0 }, "geometry": { "type": "Point", "coordinates": [ 232865.0, 902043.0 ] } },
{ "type": "Feature", "properties": { "id": 156, "__GUID": "1bc29fc2-7d64-4555-9227-7fc3797a0c44", "category": "daycare", "_to_subway_reach_sr800": 0.0, "_to_subway_g_sr800": 0.0, "_to_bluebike_reach_sr800": 0.0, "_to_bluebike_g_sr800": 0.0, "_to_bus_reach_sr800": 11.0, "_to_bus_g_sr800": 6.5208406574093702, "Schools_to_Train_reach": 0.0, "Schools_to_Train_gravity": 0.0, "Schools_to_Train_knn_access": 0.0, "Schools_to_Bus_reach": 11.0, "Schools_to_Bus_gravity": 6.5208406574093702, "Schools_to_Bus_knn_access": 2.0, "Schools_to_Bluebike_reach": 0.0, "Schools_to_Bluebike_gravity": 0.0, "Schools_to_Bluebike_knn_access": 0.0, "total_knn_access": 2.0, "normalized_knn_access": 0.23529411764705882 }, "geometry": { "type": "Point", "coordinates": [ 229234.0, 904534.0 ] } },
{ "type": "Feature", "properties": { "id": 157, "__GUID": "4aecc590-1564-4457-820d-f2f288faf9b0", "category": "daycare", "_to_subway_reach_sr800": 0.0, "_to_subway_g_sr800": 0.0, "_to_bluebike_reach_sr800": 2.0, "_to_bluebike_g_sr800": 1.0348904830093344, "_to_bus_reach_sr800": 12.0, "_to_bus_g_sr800": 7.3634294584743571, "Schools_to_Train_reach": 0.0, "Schools_to_Train_gravity": 0.0, "Schools_to_Train_knn_access": 0.0, "Schools_to_Bus_reach": 12.0, "Schools_to_Bus_gravity": 7.3634294584743571, "Schools_to_Bus_knn_access": 2.0, "Schools_to_Bluebike_reach": 2.0, "Schools_to_Bluebike_gravity": 1.0348904830093344, "Schools_to_Bluebike_knn_access": 0.5, "total_knn_access": 2.5, "normalized_knn_access": 0.29411764705882354 }, "geometry": { "type": "Point", "coordinates": [ 234066.0, 902187.0 ] } },
{ "type": "Feature", "properties": { "id": 158, "__GUID": "b55b2b66-340c-4363-bcf6-75e9b7f70d00", "category": "daycare", "_to_subway_reach_sr800": 1.0, "_to_subway_g_sr800": 0.62905477656503284, "_to_bluebike_reach_sr800": 8.0, "_to_bluebike_g_sr800": 4.9318444236131871, "_to_bus_reach_sr800": 26.0, "_to_bus_g_sr800": 15.916682856304448, "Schools_to_Train_reach": 1.0, "Schools_to_Train_gravity": 0.62905477656503284, "Schools_to_Train_knn_access": 6.0, "Schools_to_Bus_reach": 26.0, "Schools_to_Bus_gravity": 15.916682856304448, "Schools_to_Bus_knn_access": 2.0, "Schools_to_Bluebike_reach": 8.0, "Schools_to_Bluebike_gravity": 4.9318444236131871, "Schools_to_Bluebike_knn_access": 0.5, "total_knn_access": 8.5, "normalized_knn_access": 1.0 }, "geometry": { "type": "Point", "coordinates": [ 232805.0, 901451.0 ] } },
{ "type": "Feature", "properties": { "id": 159, "__GUID": "cbc6227d-f5e0-41c5-bcf5-8cb6b86e7044", "category": "daycare", "_to_subway_reach_sr800": 1.0, "_to_subway_g_sr800": 0.46281103599766815, "_to_bluebike_reach_sr800": 7.0, "_to_bluebike_g_sr800": 4.3347017828335135, "_to_bus_reach_sr800": 1.0, "_to_bus_g_sr800": 0.48599052728209557, "Schools_to_Train_reach": 1.0, "Schools_to_Train_gravity": 0.46281103599766815, "Schools_to_Train_knn_access": 6.0, "Schools_to_Bus_reach": 1.0, "Schools_to_Bus_gravity": 0.48599052728209557, "Schools_to_Bus_knn_access": 0.75, "Schools_to_Bluebike_reach": 7.0, "Schools_to_Bluebike_gravity": 4.3347017828335135, "Schools_to_Bluebike_knn_access": 0.5, "total_knn_access": 7.25, "normalized_knn_access": 0.8529411764705882 }, "geometry": { "type": "Point", "coordinates": [ 234829.0, 901879.0 ] } },
{ "type": "Feature", "properties": { "id": 160, "__GUID": "bd31e46f-131c-4abc-b60b-70c8647eb158", "category": "daycare", "_to_subway_reach_sr800": 1.0, "_to_subway_g_sr800": 0.73227732825499814, "_to_bluebike_reach_sr800": 3.0, "_to_bluebike_g_sr800": 2.0869839370735606, "_to_bus_reach_sr800": 2.0, "_to_bus_g_sr800": 0.98759294169198286, "Schools_to_Train_reach": 1.0, "Schools_to_Train_gravity": 0.73227732825499814, "Schools_to_Train_knn_access": 6.0, "Schools_to_Bus_reach": 2.0, "Schools_to_Bus_gravity": 0.98759294169198286, "Schools_to_Bus_knn_access": 1.25, "Schools_to_Bluebike_reach": 3.0, "Schools_to_Bluebike_gravity": 2.0869839370735606, "Schools_to_Bluebike_knn_access": 0.5, "total_knn_access": 7.75, "normalized_knn_access": 0.91176470588235292 }, "geometry": { "type": "Point", "coordinates": [ 229233.0, 904939.0 ] } },
{ "type": "Feature", "properties": { "id": 161, "__GUID": "b48e1fa8-0381-4a94-bb2e-e6874d64157d", "category": "daycare", "_to_subway_reach_sr800": 1.0, "_to_subway_g_sr800": 0.46040964065188811, "_to_bluebike_reach_sr800": 2.0, "_to_bluebike_g_sr800": 1.0068184728101155, "_to_bus_reach_sr800": 14.0, "_to_bus_g_sr800": 10.327444189698147, "Schools_to_Train_reach": 1.0, "Schools_to_Train_gravity": 0.46040964065188811, "Schools_to_Train_knn_access": 6.0, "Schools_to_Bus_reach": 14.0, "Schools_to_Bus_gravity": 10.327444189698147, "Schools_to_Bus_knn_access": 2.0, "Schools_to_Bluebike_reach": 2.0, "Schools_to_Bluebike_gravity": 1.0068184728101155, "Schools_to_Bluebike_knn_access": 0.5, "total_knn_access": 8.5, "normalized_knn_access": 1.0 }, "geometry": { "type": "Point", "coordinates": [ 234243.0, 902445.0 ] } },
{ "type": "Feature", "properties": { "id": 162, "__GUID": "a3ef5f01-61c5-4742-91b8-ca70f995027c", "category": "daycare", "_to_subway_reach_sr800": 0.0, "_to_subway_g_sr800": 0.0, "_to_bluebike_reach_sr800": 2.0, "_to_bluebike_g_sr800": 1.0139573907834385, "_to_bus_reach_sr800": 18.0, "_to_bus_g_sr800": 12.207503074693289, "Schools_to_Train_reach": 0.0, "Schools_to_Train_gravity": 0.0, "Schools_to_Train_knn_access": 0.0, "Schools_to_Bus_reach": 18.0, "Schools_to_Bus_gravity": 12.207503074693289, "Schools_to_Bus_knn_access": 2.0, "Schools_to_Bluebike_reach": 2.0, "Schools_to_Bluebike_gravity": 1.0139573907834385, "Schools_to_Bluebike_knn_access": 0.5, "total_knn_access": 2.5, "normalized_knn_access": 0.29411764705882354 }, "geometry": { "type": "Point", "coordinates": [ 233997.0, 902484.0 ] } },
{ "type": "Feature", "properties": { "id": 163, "__GUID": "e9cdb863-52f1-4591-bf96-077c34352be3", "category": "daycare", "_to_subway_reach_sr800": 1.0, "_to_subway_g_sr800": 0.75834231636660665, "_to_bluebike_reach_sr800": 10.0, "_to_bluebike_g_sr800": 6.7603428537029941, "_to_bus_reach_sr800": 8.0, "_to_bus_g_sr800": 4.6677705570734789, "Schools_to_Train_reach": 1.0, "Schools_to_Train_gravity": 0.75834231636660665, "Schools_to_Train_knn_access": 6.0, "Schools_to_Bus_reach": 8.0, "Schools_to_Bus_gravity": 4.6677705570734789, "Schools_to_Bus_knn_access": 2.0, "Schools_to_Bluebike_reach": 10.0, "Schools_to_Bluebike_gravity": 6.7603428537029941, "Schools_to_Bluebike_knn_access": 0.5, "total_knn_access": 8.5, "normalized_knn_access": 1.0 }, "geometry": { "type": "Point", "coordinates": [ 234162.0, 901527.0 ] } },
{ "type": "Feature", "properties": { "id": 164, "__GUID": "5d9da4c2-ddcf-484a-8e89-286145aa5074", "category": "daycare", "_to_subway_reach_sr800": 1.0, "_to_subway_g_sr800": 0.81164185466925742, "_to_bluebike_reach_sr800": 9.0, "_to_bluebike_g_sr800": 5.9081925574902447, "_to_bus_reach_sr800": 4.0, "_to_bus_g_sr800": 2.2985630994040744, "Schools_to_Train_reach": 1.0, "Schools_to_Train_gravity": 0.81164185466925742, "Schools_to_Train_knn_access": 6.0, "Schools_to_Bus_reach": 4.0, "Schools_to_Bus_gravity": 2.2985630994040744, "Schools_to_Bus_knn_access": 1.75, "Schools_to_Bluebike_reach": 9.0, "Schools_to_Bluebike_gravity": 5.9081925574902447, "Schools_to_Bluebike_knn_access": 0.5, "total_knn_access": 8.25, "normalized_knn_access": 0.97058823529411764 }, "geometry": { "type": "Point", "coordinates": [ 234274.0, 901327.0 ] } },
{ "type": "Feature", "properties": { "id": 165, "__GUID": "2379bf31-eae1-4b17-8b78-c1104ad00a5c", "category": "daycare", "_to_subway_reach_sr800": 1.0, "_to_subway_g_sr800": 0.78800436559378784, "_to_bluebike_reach_sr800": 9.0, "_to_bluebike_g_sr800": 5.1689171498309499, "_to_bus_reach_sr800": 37.0, "_to_bus_g_sr800": 22.82216003260832, "Schools_to_Train_reach": 1.0, "Schools_to_Train_gravity": 0.78800436559378784, "Schools_to_Train_knn_access": 6.0, "Schools_to_Bus_reach": 37.0, "Schools_to_Bus_gravity": 22.82216003260832, "Schools_to_Bus_knn_access": 2.0, "Schools_to_Bluebike_reach": 9.0, "Schools_to_Bluebike_gravity": 5.1689171498309499, "Schools_to_Bluebike_knn_access": 0.5, "total_knn_access": 8.5, "normalized_knn_access": 1.0 }, "geometry": { "type": "Point", "coordinates": [ 232806.0, 901763.0 ] } },
{ "type": "Feature", "properties": { "id": 166, "__GUID": "1048fdb2-41be-4b70-9282-6e5ac912e9f5", "category": "daycare", "_to_subway_reach_sr800": 1.0, "_to_subway_g_sr800": 0.56594743879608567, "_to_bluebike_reach_sr800": 4.0, "_to_bluebike_g_sr800": 2.4090884438726308, "_to_bus_reach_sr800": 27.0, "_to_bus_g_sr800": 16.389727783892926, "Schools_to_Train_reach": 1.0, "Schools_to_Train_gravity": 0.56594743879608567, "Schools_to_Train_knn_access": 6.0, "Schools_to_Bus_reach": 27.0, "Schools_to_Bus_gravity": 16.389727783892926, "Schools_to_Bus_knn_access": 2.0, "Schools_to_Bluebike_reach": 4.0, "Schools_to_Bluebike_gravity": 2.4090884438726308, "Schools_to_Bluebike_knn_access": 0.5, "total_knn_access": 8.5, "normalized_knn_access": 1.0 }, "geometry": { "type": "Point", "coordinates": [ 232270.0, 901462.0 ] } },
{ "type": "Feature", "properties": { "id": 167, "__GUID": "b2d235bc-f07f-4715-a1a1-085f9726ff7b", "category": "daycare", "_to_subway_reach_sr800": 1.0, "_to_subway_g_sr800": 0.4715650935266294, "_to_bluebike_reach_sr800": 3.0, "_to_bluebike_g_sr800": 1.9651543495618606, "_to_bus_reach_sr800": 20.0, "_to_bus_g_sr800": 13.522277062912503, "Schools_to_Train_reach": 1.0, "Schools_to_Train_gravity": 0.4715650935266294, "Schools_to_Train_knn_access": 6.0, "Schools_to_Bus_reach": 20.0, "Schools_to_Bus_gravity": 13.522277062912503, "Schools_to_Bus_knn_access": 2.0, "Schools_to_Bluebike_reach": 3.0, "Schools_to_Bluebike_gravity": 1.9651543495618606, "Schools_to_Bluebike_knn_access": 0.5, "total_knn_access": 8.5, "normalized_knn_access": 1.0 }, "geometry": { "type": "Point", "coordinates": [ 230603.0, 904716.0 ] } },
{ "type": "Feature", "properties": { "id": 168, "__GUID": "15c18d50-abe3-4594-99a7-d5a740be5b6d", "category": "daycare", "_to_subway_reach_sr800": 1.0, "_to_subway_g_sr800": 0.59547864036587217, "_to_bluebike_reach_sr800": 8.0, "_to_bluebike_g_sr800": 4.8771765366458508, "_to_bus_reach_sr800": 11.0, "_to_bus_g_sr800": 6.2416850552352638, "Schools_to_Train_reach": 1.0, "Schools_to_Train_gravity": 0.59547864036587217, "Schools_to_Train_knn_access": 6.0, "Schools_to_Bus_reach": 11.0, "Schools_to_Bus_gravity": 6.2416850552352638, "Schools_to_Bus_knn_access": 2.0, "Schools_to_Bluebike_reach": 8.0, "Schools_to_Bluebike_gravity": 4.8771765366458508, "Schools_to_Bluebike_knn_access": 0.5, "total_knn_access": 8.5, "normalized_knn_access": 1.0 }, "geometry": { "type": "Point", "coordinates": [ 233695.0, 901318.0 ] } },
{ "type": "Feature", "properties": { "id": 169, "__GUID": "33ec358c-05f7-43c9-a086-cb6cc036c2ad", "category": "daycare", "_to_subway_reach_sr800": 1.0, "_to_subway_g_sr800": 0.5119092102181606, "_to_bluebike_reach_sr800": 5.0, "_to_bluebike_g_sr800": 2.8534667371568943, "_to_bus_reach_sr800": 17.0, "_to_bus_g_sr800": 9.9185328330526783, "Schools_to_Train_reach": 1.0, "Schools_to_Train_gravity": 0.5119092102181606, "Schools_to_Train_knn_access": 6.0, "Schools_to_Bus_reach": 17.0, "Schools_to_Bus_gravity": 9.9185328330526783, "Schools_to_Bus_knn_access": 2.0, "Schools_to_Bluebike_reach": 5.0, "Schools_to_Bluebike_gravity": 2.8534667371568943, "Schools_to_Bluebike_knn_access": 0.5, "total_knn_access": 8.5, "normalized_knn_access": 1.0 }, "geometry": { "type": "Point", "coordinates": [ 231298.0, 903619.0 ] } },
{ "type": "Feature", "properties": { "id": 170, "__GUID": "1d262332-f810-48c9-a473-65ad3d19ceab", "category": "daycare", "_to_subway_reach_sr800": 1.0, "_to_subway_g_sr800": 0.58997104459908301, "_to_bluebike_reach_sr800": 8.0, "_to_bluebike_g_sr800": 4.6554760878594168, "_to_bus_reach_sr800": 25.0, "_to_bus_g_sr800": 14.298203711602048, "Schools_to_Train_reach": 1.0, "Schools_to_Train_gravity": 0.58997104459908301, "Schools_to_Train_knn_access": 6.0, "Schools_to_Bus_reach": 25.0, "Schools_to_Bus_gravity": 14.298203711602048, "Schools_to_Bus_knn_access": 2.0, "Schools_to_Bluebike_reach": 8.0, "Schools_to_Bluebike_gravity": 4.6554760878594168, "Schools_to_Bluebike_knn_access": 0.5, "total_knn_access": 8.5, "normalized_knn_access": 1.0 }, "geometry": { "type": "Point", "coordinates": [ 231608.0, 902280.0 ] } },
{ "type": "Feature", "properties": { "id": 171, "__GUID": "655abd27-cd9b-4feb-ac64-f7895f301383", "category": "daycare", "_to_subway_reach_sr800": 0.0, "_to_subway_g_sr800": 0.0, "_to_bluebike_reach_sr800": 3.0, "_to_bluebike_g_sr800": 1.6848688979807771, "_to_bus_reach_sr800": 13.0, "_to_bus_g_sr800": 7.0417764717690474, "Schools_to_Train_reach": 0.0, "Schools_to_Train_gravity": 0.0, "Schools_to_Train_knn_access": 0.0, "Schools_to_Bus_reach": 13.0, "Schools_to_Bus_gravity": 7.0417764717690474, "Schools_to_Bus_knn_access": 2.0, "Schools_to_Bluebike_reach": 3.0, "Schools_to_Bluebike_gravity": 1.6848688979807771, "Schools_to_Bluebike_knn_access": 0.5, "total_knn_access": 2.5, "normalized_knn_access": 0.29411764705882354 }, "geometry": { "type": "Point", "coordinates": [ 231882.0, 903253.0 ] } },
{ "type": "Feature", "properties": { "id": 172, "__GUID": "da699177-8626-46dd-a73b-936196dfcdf9", "category": "daycare", "_to_subway_reach_sr800": 0.0, "_to_subway_g_sr800": 0.0, "_to_bluebike_reach_sr800": 0.0, "_to_bluebike_g_sr800": 0.0, "_to_bus_reach_sr800": 18.0, "_to_bus_g_sr800": 11.488087700601714, "Schools_to_Train_reach": 0.0, "Schools_to_Train_gravity": 0.0, "Schools_to_Train_knn_access": 0.0, "Schools_to_Bus_reach": 18.0, "Schools_to_Bus_gravity": 11.488087700601714, "Schools_to_Bus_knn_access": 2.0, "Schools_to_Bluebike_reach": 0.0, "Schools_to_Bluebike_gravity": 0.0, "Schools_to_Bluebike_knn_access": 0.0, "total_knn_access": 2.0, "normalized_knn_access": 0.23529411764705882 }, "geometry": { "type": "Point", "coordinates": [ 228625.0, 904511.0 ] } },
{ "type": "Feature", "properties": { "id": 173, "__GUID": "7350a565-a6f4-43d3-bd00-6c5de5351c18", "category": "daycare", "_to_subway_reach_sr800": 0.0, "_to_subway_g_sr800": 0.0, "_to_bluebike_reach_sr800": 2.0, "_to_bluebike_g_sr800": 1.3230532495648686, "_to_bus_reach_sr800": 9.0, "_to_bus_g_sr800": 5.5942710596023009, "Schools_to_Train_reach": 0.0, "Schools_to_Train_gravity": 0.0, "Schools_to_Train_knn_access": 0.0, "Schools_to_Bus_reach": 9.0, "Schools_to_Bus_gravity": 5.5942710596023009, "Schools_to_Bus_knn_access": 2.0, "Schools_to_Bluebike_reach": 2.0, "Schools_to_Bluebike_gravity": 1.3230532495648686, "Schools_to_Bluebike_knn_access": 0.5, "total_knn_access": 2.5, "normalized_knn_access": 0.29411764705882354 }, "geometry": { "type": "Point", "coordinates": [ 231890.0, 900702.0 ] } },
{ "type": "Feature", "properties": { "id": 174, "__GUID": "bac1695b-b5d0-45a1-accc-57c849655ae0", "category": "daycare", "_to_subway_reach_sr800": 0.0, "_to_subway_g_sr800": 0.0, "_to_bluebike_reach_sr800": 7.0, "_to_bluebike_g_sr800": 4.0748052702267721, "_to_bus_reach_sr800": 35.0, "_to_bus_g_sr800": 21.169775881796284, "Schools_to_Train_reach": 0.0, "Schools_to_Train_gravity": 0.0, "Schools_to_Train_knn_access": 0.0, "Schools_to_Bus_reach": 35.0, "Schools_to_Bus_gravity": 21.169775881796284, "Schools_to_Bus_knn_access": 2.0, "Schools_to_Bluebike_reach": 7.0, "Schools_to_Bluebike_gravity": 4.0748052702267721, "Schools_to_Bluebike_knn_access": 0.5, "total_knn_access": 2.5, "normalized_knn_access": 0.29411764705882354 }, "geometry": { "type": "Point", "coordinates": [ 233284.0, 901873.0 ] } },
{ "type": "Feature", "properties": { "id": 175, "__GUID": "0f3d0583-8b8f-4288-b65e-a25c4089fce8", "category": "daycare", "_to_subway_reach_sr800": 1.0, "_to_subway_g_sr800": 0.49183982303564505, "_to_bluebike_reach_sr800": 6.0, "_to_bluebike_g_sr800": 3.6938476353097673, "_to_bus_reach_sr800": 33.0, "_to_bus_g_sr800": 17.750786632915364, "Schools_to_Train_reach": 1.0, "Schools_to_Train_gravity": 0.49183982303564505, "Schools_to_Train_knn_access": 6.0, "Schools_to_Bus_reach": 33.0, "Schools_to_Bus_gravity": 17.750786632915364, "Schools_to_Bus_knn_access": 2.0, "Schools_to_Bluebike_reach": 6.0, "Schools_to_Bluebike_gravity": 3.6938476353097673, "Schools_to_Bluebike_knn_access": 0.5, "total_knn_access": 8.5, "normalized_knn_access": 1.0 }, "geometry": { "type": "Point", "coordinates": [ 233156.0, 901654.0 ] } },
{ "type": "Feature", "properties": { "id": 176, "__GUID": "c8f55b85-5e14-42cb-a0a8-c52f6295714c", "category": "daycare", "_to_subway_reach_sr800": 0.0, "_to_subway_g_sr800": 0.0, "_to_bluebike_reach_sr800": 4.0, "_to_bluebike_g_sr800": 2.3676744681767827, "_to_bus_reach_sr800": 18.0, "_to_bus_g_sr800": 9.9003732489090837, "Schools_to_Train_reach": 0.0, "Schools_to_Train_gravity": 0.0, "Schools_to_Train_knn_access": 0.0, "Schools_to_Bus_reach": 18.0, "Schools_to_Bus_gravity": 9.9003732489090837, "Schools_to_Bus_knn_access": 2.0, "Schools_to_Bluebike_reach": 4.0, "Schools_to_Bluebike_gravity": 2.3676744681767827, "Schools_to_Bluebike_knn_access": 0.5, "total_knn_access": 2.5, "normalized_knn_access": 0.29411764705882354 }, "geometry": { "type": "Point", "coordinates": [ 231885.0, 901871.0 ] } },
{ "type": "Feature", "properties": { "id": 177, "__GUID": "49d45e5f-b71f-484e-accf-c235e2ba14f3", "category": "daycare", "_to_subway_reach_sr800": 0.0, "_to_subway_g_sr800": 0.0, "_to_bluebike_reach_sr800": 2.0, "_to_bluebike_g_sr800": 1.0458421945420986, "_to_bus_reach_sr800": 9.0, "_to_bus_g_sr800": 5.1230559639761264, "Schools_to_Train_reach": 0.0, "Schools_to_Train_gravity": 0.0, "Schools_to_Train_knn_access": 0.0, "Schools_to_Bus_reach": 9.0, "Schools_to_Bus_gravity": 5.1230559639761264, "Schools_to_Bus_knn_access": 2.0, "Schools_to_Bluebike_reach": 2.0, "Schools_to_Bluebike_gravity": 1.0458421945420986, "Schools_to_Bluebike_knn_access": 0.5, "total_knn_access": 2.5, "normalized_knn_access": 0.29411764705882354 }, "geometry": { "type": "Point", "coordinates": [ 231683.0, 901214.0 ] } },
{ "type": "Feature", "properties": { "id": 178, "__GUID": "423690aa-ea19-4da9-a874-e9c1d60bf710", "category": "daycare", "_to_subway_reach_sr800": 0.0, "_to_subway_g_sr800": 0.0, "_to_bluebike_reach_sr800": 4.0, "_to_bluebike_g_sr800": 2.6228166660450851, "_to_bus_reach_sr800": 35.0, "_to_bus_g_sr800": 22.150541598655888, "Schools_to_Train_reach": 0.0, "Schools_to_Train_gravity": 0.0, "Schools_to_Train_knn_access": 0.0, "Schools_to_Bus_reach": 35.0, "Schools_to_Bus_gravity": 22.150541598655888, "Schools_to_Bus_knn_access": 2.0, "Schools_to_Bluebike_reach": 4.0, "Schools_to_Bluebike_gravity": 2.6228166660450851, "Schools_to_Bluebike_knn_access": 0.5, "total_knn_access": 2.5, "normalized_knn_access": 0.29411764705882354 }, "geometry": { "type": "Point", "coordinates": [ 232790.0, 902642.0 ] } },
{ "type": "Feature", "properties": { "id": 179, "__GUID": "b275d239-5209-4a13-a3a5-69bd8a2d9c9f", "category": "daycare", "_to_subway_reach_sr800": 1.0, "_to_subway_g_sr800": 0.48004079886664808, "_to_bluebike_reach_sr800": 4.0, "_to_bluebike_g_sr800": 2.1320754553465306, "_to_bus_reach_sr800": 10.0, "_to_bus_g_sr800": 7.4425175020139953, "Schools_to_Train_reach": 1.0, "Schools_to_Train_gravity": 0.48004079886664808, "Schools_to_Train_knn_access": 6.0, "Schools_to_Bus_reach": 10.0, "Schools_to_Bus_gravity": 7.4425175020139953, "Schools_to_Bus_knn_access": 2.0, "Schools_to_Bluebike_reach": 4.0, "Schools_to_Bluebike_gravity": 2.1320754553465306, "Schools_to_Bluebike_knn_access": 0.5, "total_knn_access": 8.5, "normalized_knn_access": 1.0 }, "geometry": { "type": "Point", "coordinates": [ 230018.0, 904840.0 ] } },
{ "type": "Feature", "properties": { "id": 180, "__GUID": "709e67c3-85d3-4351-8bd0-f3e2a21d7d3a", "category": "daycare", "_to_subway_reach_sr800": 0.0, "_to_subway_g_sr800": 0.0, "_to_bluebike_reach_sr800": 3.0, "_to_bluebike_g_sr800": 1.6832640186287675, "_to_bus_reach_sr800": 13.0, "_to_bus_g_sr800": 7.0445521176305501, "Schools_to_Train_reach": 0.0, "Schools_to_Train_gravity": 0.0, "Schools_to_Train_knn_access": 0.0, "Schools_to_Bus_reach": 13.0, "Schools_to_Bus_gravity": 7.0445521176305501, "Schools_to_Bus_knn_access": 2.0, "Schools_to_Bluebike_reach": 3.0, "Schools_to_Bluebike_gravity": 1.6832640186287675, "Schools_to_Bluebike_knn_access": 0.5, "total_knn_access": 2.5, "normalized_knn_access": 0.29411764705882354 }, "geometry": { "type": "Point", "coordinates": [ 231883.0, 903259.0 ] } },
{ "type": "Feature", "properties": { "id": 181, "__GUID": "734e8844-7ee6-413d-b3b8-47a0ca379092", "category": "daycare", "_to_subway_reach_sr800": 1.0, "_to_subway_g_sr800": 0.47485592681838606, "_to_bluebike_reach_sr800": 3.0, "_to_bluebike_g_sr800": 1.9663325436542023, "_to_bus_reach_sr800": 20.0, "_to_bus_g_sr800": 13.544804626824428, "Schools_to_Train_reach": 1.0, "Schools_to_Train_gravity": 0.47485592681838606, "Schools_to_Train_knn_access": 6.0, "Schools_to_Bus_reach": 20.0, "Schools_to_Bus_gravity": 13.544804626824428, "Schools_to_Bus_knn_access": 2.0, "Schools_to_Bluebike_reach": 3.0, "Schools_to_Bluebike_gravity": 1.9663325436542023, "Schools_to_Bluebike_knn_access": 0.5, "total_knn_access": 8.5, "normalized_knn_access": 1.0 }, "geometry": { "type": "Point", "coordinates": [ 230609.0, 904712.0 ] } },
{ "type": "Feature", "properties": { "id": 182, "__GUID": "52904050-8693-4dc8-bf61-d3652b5e40e1", "category": "daycare", "_to_subway_reach_sr800": 1.0, "_to_subway_g_sr800": 0.64432807186010077, "_to_bluebike_reach_sr800": 6.0, "_to_bluebike_g_sr800": 3.5534659584062211, "_to_bus_reach_sr800": 24.0, "_to_bus_g_sr800": 14.396168986785295, "Schools_to_Train_reach": 1.0, "Schools_to_Train_gravity": 0.64432807186010077, "Schools_to_Train_knn_access": 6.0, "Schools_to_Bus_reach": 24.0, "Schools_to_Bus_gravity": 14.396168986785295, "Schools_to_Bus_knn_access": 2.0, "Schools_to_Bluebike_reach": 6.0, "Schools_to_Bluebike_gravity": 3.5534659584062211, "Schools_to_Bluebike_knn_access": 0.5, "total_knn_access": 8.5, "normalized_knn_access": 1.0 }, "geometry": { "type": "Point", "coordinates": [ 231242.0, 902789.0 ] } },
{ "type": "Feature", "properties": { "id": 183, "__GUID": "5eb6c04c-ab14-42b9-972d-233ef4f4e847", "category": "daycare", "_to_subway_reach_sr800": 0.0, "_to_subway_g_sr800": 0.0, "_to_bluebike_reach_sr800": 2.0, "_to_bluebike_g_sr800": 1.1926475537572703, "_to_bus_reach_sr800": 14.0, "_to_bus_g_sr800": 8.5093183314919809, "Schools_to_Train_reach": 0.0, "Schools_to_Train_gravity": 0.0, "Schools_to_Train_knn_access": 0.0, "Schools_to_Bus_reach": 14.0, "Schools_to_Bus_gravity": 8.5093183314919809, "Schools_to_Bus_knn_access": 2.0, "Schools_to_Bluebike_reach": 2.0, "Schools_to_Bluebike_gravity": 1.1926475537572703, "Schools_to_Bluebike_knn_access": 0.5, "total_knn_access": 2.5, "normalized_knn_access": 0.29411764705882354 }, "geometry": { "type": "Point", "coordinates": [ 228613.0, 903116.0 ] } },
{ "type": "Feature", "properties": { "id": 184, "__GUID": "ccde7caf-3bae-4490-8e9b-133c5a1d40b9", "category": "daycare", "_to_subway_reach_sr800": 0.0, "_to_subway_g_sr800": 0.0, "_to_bluebike_reach_sr800": 8.0, "_to_bluebike_g_sr800": 4.3230614253192883, "_to_bus_reach_sr800": 45.0, "_to_bus_g_sr800": 26.79474475503449, "Schools_to_Train_reach": 0.0, "Schools_to_Train_gravity": 0.0, "Schools_to_Train_knn_access": 0.0, "Schools_to_Bus_reach": 45.0, "Schools_to_Bus_gravity": 26.79474475503449, "Schools_to_Bus_knn_access": 2.0, "Schools_to_Bluebike_reach": 8.0, "Schools_to_Bluebike_gravity": 4.3230614253192883, "Schools_to_Bluebike_knn_access": 0.5, "total_knn_access": 2.5, "normalized_knn_access": 0.29411764705882354 }, "geometry": { "type": "Point", "coordinates": [ 233120.0, 902158.0 ] } },
{ "type": "Feature", "properties": { "id": 185, "__GUID": "f7cab844-f587-405c-afe8-815b418de983", "category": "daycare", "_to_subway_reach_sr800": 0.0, "_to_subway_g_sr800": 0.0, "_to_bluebike_reach_sr800": 3.0, "_to_bluebike_g_sr800": 1.5991030587090411, "_to_bus_reach_sr800": 14.0, "_to_bus_g_sr800": 7.4118681033399776, "Schools_to_Train_reach": 0.0, "Schools_to_Train_gravity": 0.0, "Schools_to_Train_knn_access": 0.0, "Schools_to_Bus_reach": 14.0, "Schools_to_Bus_gravity": 7.4118681033399776, "Schools_to_Bus_knn_access": 2.0, "Schools_to_Bluebike_reach": 3.0, "Schools_to_Bluebike_gravity": 1.5991030587090411, "Schools_to_Bluebike_knn_access": 0.5, "total_knn_access": 2.5, "normalized_knn_access": 0.29411764705882354 }, "geometry": { "type": "Point", "coordinates": [ 230996.0, 903657.0 ] } },
{ "type": "Feature", "properties": { "id": 186, "__GUID": "f0cb7df3-1595-4525-ba25-c0e6444a3fcc", "category": "daycare", "_to_subway_reach_sr800": 0.0, "_to_subway_g_sr800": 0.0, "_to_bluebike_reach_sr800": 4.0, "_to_bluebike_g_sr800": 2.0180895389353002, "_to_bus_reach_sr800": 10.0, "_to_bus_g_sr800": 6.4075047641927494, "Schools_to_Train_reach": 0.0, "Schools_to_Train_gravity": 0.0, "Schools_to_Train_knn_access": 0.0, "Schools_to_Bus_reach": 10.0, "Schools_to_Bus_gravity": 6.4075047641927494, "Schools_to_Bus_knn_access": 2.0, "Schools_to_Bluebike_reach": 4.0, "Schools_to_Bluebike_gravity": 2.0180895389353002, "Schools_to_Bluebike_knn_access": 0.5, "total_knn_access": 2.5, "normalized_knn_access": 0.29411764705882354 }, "geometry": { "type": "Point", "coordinates": [ 234340.0, 902187.0 ] } },
{ "type": "Feature", "properties": { "id": 187, "__GUID": "441e0fbe-7ae1-47cf-b20e-eb503a9cccd6", "category": "daycare", "_to_subway_reach_sr800": 0.0, "_to_subway_g_sr800": 0.0, "_to_bluebike_reach_sr800": 0.0, "_to_bluebike_g_sr800": 0.0, "_to_bus_reach_sr800": 16.0, "_to_bus_g_sr800": 10.849460468408104, "Schools_to_Train_reach": 0.0, "Schools_to_Train_gravity": 0.0, "Schools_to_Train_knn_access": 0.0, "Schools_to_Bus_reach": 16.0, "Schools_to_Bus_gravity": 10.849460468408104, "Schools_to_Bus_knn_access": 2.0, "Schools_to_Bluebike_reach": 0.0, "Schools_to_Bluebike_gravity": 0.0, "Schools_to_Bluebike_knn_access": 0.0, "total_knn_access": 2.0, "normalized_knn_access": 0.23529411764705882 }, "geometry": { "type": "Point", "coordinates": [ 228386.0, 904618.0 ] } },
{ "type": "Feature", "properties": { "id": 188, "__GUID": "71b1f5eb-b423-429c-8b56-8fd71632fe23", "category": "daycare", "_to_subway_reach_sr800": 0.0, "_to_subway_g_sr800": 0.0, "_to_bluebike_reach_sr800": 4.0, "_to_bluebike_g_sr800": 2.0263495132874794, "_to_bus_reach_sr800": 10.0, "_to_bus_g_sr800": 6.1562461606964405, "Schools_to_Train_reach": 0.0, "Schools_to_Train_gravity": 0.0, "Schools_to_Train_knn_access": 0.0, "Schools_to_Bus_reach": 10.0, "Schools_to_Bus_gravity": 6.1562461606964405, "Schools_to_Bus_knn_access": 2.0, "Schools_to_Bluebike_reach": 4.0, "Schools_to_Bluebike_gravity": 2.0263495132874794, "Schools_to_Bluebike_knn_access": 0.5, "total_knn_access": 2.5, "normalized_knn_access": 0.29411764705882354 }, "geometry": { "type": "Point", "coordinates": [ 232308.0, 900748.0 ] } },
{ "type": "Feature", "properties": { "id": 189, "__GUID": "6404b6c6-944d-4176-8c64-59c512c74ef6", "category": "daycare", "_to_subway_reach_sr800": 0.0, "_to_subway_g_sr800": 0.0, "_to_bluebike_reach_sr800": 3.0, "_to_bluebike_g_sr800": 1.6345436550618833, "_to_bus_reach_sr800": 14.0, "_to_bus_g_sr800": 7.885006690453471, "Schools_to_Train_reach": 0.0, "Schools_to_Train_gravity": 0.0, "Schools_to_Train_knn_access": 0.0, "Schools_to_Bus_reach": 14.0, "Schools_to_Bus_gravity": 7.885006690453471, "Schools_to_Bus_knn_access": 2.0, "Schools_to_Bluebike_reach": 3.0, "Schools_to_Bluebike_gravity": 1.6345436550618833, "Schools_to_Bluebike_knn_access": 0.5, "total_knn_access": 2.5, "normalized_knn_access": 0.29411764705882354 }, "geometry": { "type": "Point", "coordinates": [ 230273.0, 903987.0 ] } },
{ "type": "Feature", "properties": { "id": 190, "__GUID": "f7520c50-fadf-415a-a58c-f8668e4a5605", "category": "daycare", "_to_subway_reach_sr800": 1.0, "_to_subway_g_sr800": 0.72051511933417833, "_to_bluebike_reach_sr800": 5.0, "_to_bluebike_g_sr800": 3.0244691973162294, "_to_bus_reach_sr800": 36.0, "_to_bus_g_sr800": 21.630870432004219, "Schools_to_Train_reach": 1.0, "Schools_to_Train_gravity": 0.72051511933417833, "Schools_to_Train_knn_access": 6.0, "Schools_to_Bus_reach": 36.0, "Schools_to_Bus_gravity": 21.630870432004219, "Schools_to_Bus_knn_access": 2.0, "Schools_to_Bluebike_reach": 5.0, "Schools_to_Bluebike_gravity": 3.0244691973162294, "Schools_to_Bluebike_knn_access": 0.5, "total_knn_access": 8.5, "normalized_knn_access": 1.0 }, "geometry": { "type": "Point", "coordinates": [ 232402.0, 901880.0 ] } },
{ "type": "Feature", "properties": { "id": 191, "__GUID": "803c0ed0-0ee7-473d-aae7-627b18b5e6ef", "category": "daycare", "_to_subway_reach_sr800": 1.0, "_to_subway_g_sr800": 0.47629156188873539, "_to_bluebike_reach_sr800": 6.0, "_to_bluebike_g_sr800": 3.6967414518845207, "_to_bus_reach_sr800": 32.0, "_to_bus_g_sr800": 17.615779925833962, "Schools_to_Train_reach": 1.0, "Schools_to_Train_gravity": 0.47629156188873539, "Schools_to_Train_knn_access": 6.0, "Schools_to_Bus_reach": 32.0, "Schools_to_Bus_gravity": 17.615779925833962, "Schools_to_Bus_knn_access": 2.0, "Schools_to_Bluebike_reach": 6.0, "Schools_to_Bluebike_gravity": 3.6967414518845207, "Schools_to_Bluebike_knn_access": 0.5, "total_knn_access": 8.5, "normalized_knn_access": 1.0 }, "geometry": { "type": "Point", "coordinates": [ 233206.0, 901659.0 ] } },
{ "type": "Feature", "properties": { "id": 192, "__GUID": "95ed11a0-8919-4f93-9147-6769b98d97ab", "category": "daycare", "_to_subway_reach_sr800": 1.0, "_to_subway_g_sr800": 0.48486004915798103, "_to_bluebike_reach_sr800": 2.0, "_to_bluebike_g_sr800": 0.97601810484003848, "_to_bus_reach_sr800": 5.0, "_to_bus_g_sr800": 2.4155120692255245, "Schools_to_Train_reach": 1.0, "Schools_to_Train_gravity": 0.48486004915798103, "Schools_to_Train_knn_access": 6.0, "Schools_to_Bus_reach": 5.0, "Schools_to_Bus_gravity": 2.4155120692255245, "Schools_to_Bus_knn_access": 2.0, "Schools_to_Bluebike_reach": 2.0, "Schools_to_Bluebike_gravity": 0.97601810484003848, "Schools_to_Bluebike_knn_access": 0.5, "total_knn_access": 8.5, "normalized_knn_access": 1.0 }, "geometry": { "type": "Point", "coordinates": [ 230914.0, 904026.0 ] } },
{ "type": "Feature", "properties": { "id": 193, "__GUID": "0bae884c-935a-46f0-94cc-f4ffadb64e6a", "category": "daycare", "_to_subway_reach_sr800": 0.0, "_to_subway_g_sr800": 0.0, "_to_bluebike_reach_sr800": 3.0, "_to_bluebike_g_sr800": 1.5616778747428108, "_to_bus_reach_sr800": 23.0, "_to_bus_g_sr800": 13.967740790786053, "Schools_to_Train_reach": 0.0, "Schools_to_Train_gravity": 0.0, "Schools_to_Train_knn_access": 0.0, "Schools_to_Bus_reach": 23.0, "Schools_to_Bus_gravity": 13.967740790786053, "Schools_to_Bus_knn_access": 2.0, "Schools_to_Bluebike_reach": 3.0, "Schools_to_Bluebike_gravity": 1.5616778747428108, "Schools_to_Bluebike_knn_access": 0.5, "total_knn_access": 2.5, "normalized_knn_access": 0.29411764705882354 }, "geometry": { "type": "Point", "coordinates": [ 232160.0, 902842.0 ] } },
{ "type": "Feature", "properties": { "id": 194, "__GUID": "72b2587b-a657-4ce0-bdaf-6082d5a9ce23", "category": "daycare", "_to_subway_reach_sr800": 1.0, "_to_subway_g_sr800": 0.72277547221374505, "_to_bluebike_reach_sr800": 5.0, "_to_bluebike_g_sr800": 3.0311206322060227, "_to_bus_reach_sr800": 36.0, "_to_bus_g_sr800": 21.659962485743314, "Schools_to_Train_reach": 1.0, "Schools_to_Train_gravity": 0.72277547221374505, "Schools_to_Train_knn_access": 6.0, "Schools_to_Bus_reach": 36.0, "Schools_to_Bus_gravity": 21.659962485743314, "Schools_to_Bus_knn_access": 2.0, "Schools_to_Bluebike_reach": 5.0, "Schools_to_Bluebike_gravity": 3.0311206322060227, "Schools_to_Bluebike_knn_access": 0.5, "total_knn_access": 8.5, "normalized_knn_access": 1.0 }, "geometry": { "type": "Point", "coordinates": [ 232394.0, 901891.0 ] } },
{ "type": "Feature", "properties": { "id": 195, "__GUID": "78ac5360-7fe7-4e46-9a2c-bc468b158ad3", "category": "daycare", "_to_subway_reach_sr800": 1.0, "_to_subway_g_sr800": 0.50619386042200876, "_to_bluebike_reach_sr800": 5.0, "_to_bluebike_g_sr800": 2.7511779765924826, "_to_bus_reach_sr800": 27.0, "_to_bus_g_sr800": 15.44054168602503, "Schools_to_Train_reach": 1.0, "Schools_to_Train_gravity": 0.50619386042200876, "Schools_to_Train_knn_access": 6.0, "Schools_to_Bus_reach": 27.0, "Schools_to_Bus_gravity": 15.44054168602503, "Schools_to_Bus_knn_access": 2.0, "Schools_to_Bluebike_reach": 5.0, "Schools_to_Bluebike_gravity": 2.7511779765924826, "Schools_to_Bluebike_knn_access": 0.5, "total_knn_access": 8.5, "normalized_knn_access": 1.0 }, "geometry": { "type": "Point", "coordinates": [ 232027.0, 901739.0 ] } },
{ "type": "Feature", "properties": { "id": 196, "__GUID": "b472519a-ae5c-4dd0-9498-fc1099fd686c", "category": "daycare", "_to_subway_reach_sr800": 0.0, "_to_subway_g_sr800": 0.0, "_to_bluebike_reach_sr800": 2.0, "_to_bluebike_g_sr800": 1.0857903524681429, "_to_bus_reach_sr800": 16.0, "_to_bus_g_sr800": 8.5518666955743399, "Schools_to_Train_reach": 0.0, "Schools_to_Train_gravity": 0.0, "Schools_to_Train_knn_access": 0.0, "Schools_to_Bus_reach": 16.0, "Schools_to_Bus_gravity": 8.5518666955743399, "Schools_to_Bus_knn_access": 2.0, "Schools_to_Bluebike_reach": 2.0, "Schools_to_Bluebike_gravity": 1.0857903524681429, "Schools_to_Bluebike_knn_access": 0.5, "total_knn_access": 2.5, "normalized_knn_access": 0.29411764705882354 }, "geometry": { "type": "Point", "coordinates": [ 230738.0, 903708.0 ] } },
{ "type": "Feature", "properties": { "id": 197, "__GUID": "79d61e7d-690f-479c-9478-b2457cb16b4a", "category": "daycare", "_to_subway_reach_sr800": 1.0, "_to_subway_g_sr800": 0.52026781308979042, "_to_bluebike_reach_sr800": 6.0, "_to_bluebike_g_sr800": 3.3736831884356207, "_to_bus_reach_sr800": 45.0, "_to_bus_g_sr800": 27.685858942626638, "Schools_to_Train_reach": 1.0, "Schools_to_Train_gravity": 0.52026781308979042, "Schools_to_Train_knn_access": 6.0, "Schools_to_Bus_reach": 45.0, "Schools_to_Bus_gravity": 27.685858942626638, "Schools_to_Bus_knn_access": 2.0, "Schools_to_Bluebike_reach": 6.0, "Schools_to_Bluebike_gravity": 3.3736831884356207, "Schools_to_Bluebike_knn_access": 0.5, "total_knn_access": 8.5, "normalized_knn_access": 1.0 }, "geometry": { "type": "Point", "coordinates": [ 232998.0, 902170.0 ] } },
{ "type": "Feature", "properties": { "id": 198, "__GUID": "77af9207-07e1-4864-ae2f-e02ecdb8e965", "category": "daycare", "_to_subway_reach_sr800": 0.0, "_to_subway_g_sr800": 0.0, "_to_bluebike_reach_sr800": 3.0, "_to_bluebike_g_sr800": 1.5863081972562805, "_to_bus_reach_sr800": 7.0, "_to_bus_g_sr800": 4.0119672766845937, "Schools_to_Train_reach": 0.0, "Schools_to_Train_gravity": 0.0, "Schools_to_Train_knn_access": 0.0, "Schools_to_Bus_reach": 7.0, "Schools_to_Bus_gravity": 4.0119672766845937, "Schools_to_Bus_knn_access": 2.0, "Schools_to_Bluebike_reach": 3.0, "Schools_to_Bluebike_gravity": 1.5863081972562805, "Schools_to_Bluebike_knn_access": 0.5, "total_knn_access": 2.5, "normalized_knn_access": 0.29411764705882354 }, "geometry": { "type": "Point", "coordinates": [ 231562.0, 903612.0 ] } },
{ "type": "Feature", "properties": { "id": 199, "__GUID": "ee04c1da-46c8-4d63-8202-13a7f3f0ce95", "category": "daycare", "_to_subway_reach_sr800": 1.0, "_to_subway_g_sr800": 0.45179671897393109, "_to_bluebike_reach_sr800": 5.0, "_to_bluebike_g_sr800": 2.5790030795496528, "_to_bus_reach_sr800": 9.0, "_to_bus_g_sr800": 5.2952710285867779, "Schools_to_Train_reach": 1.0, "Schools_to_Train_gravity": 0.45179671897393109, "Schools_to_Train_knn_access": 6.0, "Schools_to_Bus_reach": 9.0, "Schools_to_Bus_gravity": 5.2952710285867779, "Schools_to_Bus_knn_access": 2.0, "Schools_to_Bluebike_reach": 5.0, "Schools_to_Bluebike_gravity": 2.5790030795496528, "Schools_to_Bluebike_knn_access": 0.5, "total_knn_access": 8.5, "normalized_knn_access": 1.0 }, "geometry": { "type": "Point", "coordinates": [ 231477.0, 903608.0 ] } },
{ "type": "Feature", "properties": { "id": 200, "__GUID": "6b1b8373-f912-4c66-a0c7-4808e0867508", "category": "daycare", "_to_subway_reach_sr800": 1.0, "_to_subway_g_sr800": 0.69937998381424749, "_to_bluebike_reach_sr800": 6.0, "_to_bluebike_g_sr800": 3.4164451652346957, "_to_bus_reach_sr800": 34.0, "_to_bus_g_sr800": 20.499647428068215, "Schools_to_Train_reach": 1.0, "Schools_to_Train_gravity": 0.69937998381424749, "Schools_to_Train_knn_access": 6.0, "Schools_to_Bus_reach": 34.0, "Schools_to_Bus_gravity": 20.499647428068215, "Schools_to_Bus_knn_access": 2.0, "Schools_to_Bluebike_reach": 6.0, "Schools_to_Bluebike_gravity": 3.4164451652346957, "Schools_to_Bluebike_knn_access": 0.5, "total_knn_access": 8.5, "normalized_knn_access": 1.0 }, "geometry": { "type": "Point", "coordinates": [ 232347.0, 901888.0 ] } },
{ "type": "Feature", "properties": { "id": 201, "__GUID": "7a3b96ce-29ea-46eb-9afb-67457ec1361d", "category": "privateschool", "_to_subway_reach_sr800": 0.0, "_to_subway_g_sr800": 0.0, "_to_bluebike_reach_sr800": 3.0, "_to_bluebike_g_sr800": 2.0269629888603355, "_to_bus_reach_sr800": 26.0, "_to_bus_g_sr800": 16.070204200976157, "Schools_to_Train_reach": 0.0, "Schools_to_Train_gravity": 0.0, "Schools_to_Train_knn_access": 0.0, "Schools_to_Bus_reach": 26.0, "Schools_to_Bus_gravity": 16.070204200976157, "Schools_to_Bus_knn_access": 2.0, "Schools_to_Bluebike_reach": 3.0, "Schools_to_Bluebike_gravity": 2.0269629888603355, "Schools_to_Bluebike_knn_access": 0.5, "total_knn_access": 2.5, "normalized_knn_access": 0.29411764705882354 }, "geometry": { "type": "Point", "coordinates": [ 233463.0, 902636.0 ] } },
{ "type": "Feature", "properties": { "id": 202, "__GUID": "1f663afd-1d21-413b-a74a-22e2cc986199", "category": "privateschool", "_to_subway_reach_sr800": 0.0, "_to_subway_g_sr800": 0.0, "_to_bluebike_reach_sr800": 2.0, "_to_bluebike_g_sr800": 1.3964019244885193, "_to_bus_reach_sr800": 8.0, "_to_bus_g_sr800": 4.4591438008903541, "Schools_to_Train_reach": 0.0, "Schools_to_Train_gravity": 0.0, "Schools_to_Train_knn_access": 0.0, "Schools_to_Bus_reach": 8.0, "Schools_to_Bus_gravity": 4.4591438008903541, "Schools_to_Bus_knn_access": 2.0, "Schools_to_Bluebike_reach": 2.0, "Schools_to_Bluebike_gravity": 1.3964019244885193, "Schools_to_Bluebike_knn_access": 0.5, "total_knn_access": 2.5, "normalized_knn_access": 0.29411764705882354 }, "geometry": { "type": "Point", "coordinates": [ 230232.0, 904462.0 ] } },
{ "type": "Feature", "properties": { "id": 203, "__GUID": "65f1b467-06e7-43a4-8fe2-20cae68b410e", "category": "privateschool", "_to_subway_reach_sr800": 0.0, "_to_subway_g_sr800": 0.0, "_to_bluebike_reach_sr800": 2.0, "_to_bluebike_g_sr800": 1.0477717743794974, "_to_bus_reach_sr800": 9.0, "_to_bus_g_sr800": 5.080222268404639, "Schools_to_Train_reach": 0.0, "Schools_to_Train_gravity": 0.0, "Schools_to_Train_knn_access": 0.0, "Schools_to_Bus_reach": 9.0, "Schools_to_Bus_gravity": 5.080222268404639, "Schools_to_Bus_knn_access": 2.0, "Schools_to_Bluebike_reach": 2.0, "Schools_to_Bluebike_gravity": 1.0477717743794974, "Schools_to_Bluebike_knn_access": 0.5, "total_knn_access": 2.5, "normalized_knn_access": 0.29411764705882354 }, "geometry": { "type": "Point", "coordinates": [ 231684.0, 901201.0 ] } },
{ "type": "Feature", "properties": { "id": 204, "__GUID": "dd6ece05-6b3c-43fa-9eca-329d45ca41f1", "category": "privateschool", "_to_subway_reach_sr800": 1.0, "_to_subway_g_sr800": 0.66718000249441389, "_to_bluebike_reach_sr800": 7.0, "_to_bluebike_g_sr800": 3.9887545390097214, "_to_bus_reach_sr800": 38.0, "_to_bus_g_sr800": 23.727754952841408, "Schools_to_Train_reach": 1.0, "Schools_to_Train_gravity": 0.66718000249441389, "Schools_to_Train_knn_access": 6.0, "Schools_to_Bus_reach": 38.0, "Schools_to_Bus_gravity": 23.727754952841408, "Schools_to_Bus_knn_access": 2.0, "Schools_to_Bluebike_reach": 7.0, "Schools_to_Bluebike_gravity": 3.9887545390097214, "Schools_to_Bluebike_knn_access": 0.5, "total_knn_access": 8.5, "normalized_knn_access": 1.0 }, "geometry": { "type": "Point", "coordinates": [ 232873.0, 901965.0 ] } },
{ "type": "Feature", "properties": { "id": 205, "__GUID": "ee6951ce-7193-4607-adbc-728c95971b37", "category": "privateschool", "_to_subway_reach_sr800": 0.0, "_to_subway_g_sr800": 0.0, "_to_bluebike_reach_sr800": 8.0, "_to_bluebike_g_sr800": 4.3899803875259824, "_to_bus_reach_sr800": 14.0, "_to_bus_g_sr800": 7.2105228940864645, "Schools_to_Train_reach": 0.0, "Schools_to_Train_gravity": 0.0, "Schools_to_Train_knn_access": 0.0, "Schools_to_Bus_reach": 14.0, "Schools_to_Bus_gravity": 7.2105228940864645, "Schools_to_Bus_knn_access": 2.0, "Schools_to_Bluebike_reach": 8.0, "Schools_to_Bluebike_gravity": 4.3899803875259824, "Schools_to_Bluebike_knn_access": 0.5, "total_knn_access": 2.5, "normalized_knn_access": 0.29411764705882354 }, "geometry": { "type": "Point", "coordinates": [ 234156.0, 901991.0 ] } },
{ "type": "Feature", "properties": { "id": 206, "__GUID": "cb152d8a-01f4-4c41-b04d-7b283a9dcbe6", "category": "privateschool", "_to_subway_reach_sr800": 0.0, "_to_subway_g_sr800": 0.0, "_to_bluebike_reach_sr800": 3.0, "_to_bluebike_g_sr800": 1.7617207489573725, "_to_bus_reach_sr800": 18.0, "_to_bus_g_sr800": 10.517610543952889, "Schools_to_Train_reach": 0.0, "Schools_to_Train_gravity": 0.0, "Schools_to_Train_knn_access": 0.0, "Schools_to_Bus_reach": 18.0, "Schools_to_Bus_gravity": 10.517610543952889, "Schools_to_Bus_knn_access": 2.0, "Schools_to_Bluebike_reach": 3.0, "Schools_to_Bluebike_gravity": 1.7617207489573725, "Schools_to_Bluebike_knn_access": 0.5, "total_knn_access": 2.5, "normalized_knn_access": 0.29411764705882354 }, "geometry": { "type": "Point", "coordinates": [ 230321.0, 904691.0 ] } },
{ "type": "Feature", "properties": { "id": 207, "__GUID": "4bdd5019-d5cd-4720-8c98-dc2335d331cf", "category": "privateschool", "_to_subway_reach_sr800": 0.0, "_to_subway_g_sr800": 0.0, "_to_bluebike_reach_sr800": 2.0, "_to_bluebike_g_sr800": 1.4039532415708589, "_to_bus_reach_sr800": 12.0, "_to_bus_g_sr800": 7.6958882108863431, "Schools_to_Train_reach": 0.0, "Schools_to_Train_gravity": 0.0, "Schools_to_Train_knn_access": 0.0, "Schools_to_Bus_reach": 12.0, "Schools_to_Bus_gravity": 7.6958882108863431, "Schools_to_Bus_knn_access": 2.0, "Schools_to_Bluebike_reach": 2.0, "Schools_to_Bluebike_gravity": 1.4039532415708589, "Schools_to_Bluebike_knn_access": 0.5, "total_knn_access": 2.5, "normalized_knn_access": 0.29411764705882354 }, "geometry": { "type": "Point", "coordinates": [ 230188.0, 902832.0 ] } },
{ "type": "Feature", "properties": { "id": 208, "__GUID": "2edda3f5-743b-4622-b1f7-ad417afbe907", "category": "privateschool", "_to_subway_reach_sr800": 1.0, "_to_subway_g_sr800": 0.575176700251538, "_to_bluebike_reach_sr800": 4.0, "_to_bluebike_g_sr800": 2.7700055732146618, "_to_bus_reach_sr800": 1.0, "_to_bus_g_sr800": 0.53712905749453477, "Schools_to_Train_reach": 1.0, "Schools_to_Train_gravity": 0.575176700251538, "Schools_to_Train_knn_access": 6.0, "Schools_to_Bus_reach": 1.0, "Schools_to_Bus_gravity": 0.53712905749453477, "Schools_to_Bus_knn_access": 0.75, "Schools_to_Bluebike_reach": 4.0, "Schools_to_Bluebike_gravity": 2.7700055732146618, "Schools_to_Bluebike_knn_access": 0.5, "total_knn_access": 7.25, "normalized_knn_access": 0.8529411764705882 }, "geometry": { "type": "Point", "coordinates": [ 235364.0, 902254.0 ] } },
{ "type": "Feature", "properties": { "id": 209, "__GUID": "08c7e09f-a543-4b9a-b5f0-146c986f9687", "category": "privateschool", "_to_subway_reach_sr800": 1.0, "_to_subway_g_sr800": 0.49521891925630263, "_to_bluebike_reach_sr800": 7.0, "_to_bluebike_g_sr800": 3.6244296167203975, "_to_bus_reach_sr800": 30.0, "_to_bus_g_sr800": 17.56505389379943, "Schools_to_Train_reach": 1.0, "Schools_to_Train_gravity": 0.49521891925630263, "Schools_to_Train_knn_access": 6.0, "Schools_to_Bus_reach": 30.0, "Schools_to_Bus_gravity": 17.56505389379943, "Schools_to_Bus_knn_access": 2.0, "Schools_to_Bluebike_reach": 7.0, "Schools_to_Bluebike_gravity": 3.6244296167203975, "Schools_to_Bluebike_knn_access": 0.5, "total_knn_access": 8.5, "normalized_knn_access": 1.0 }, "geometry": { "type": "Point", "coordinates": [ 232051.0, 902100.0 ] } },
{ "type": "Feature", "properties": { "id": 210, "__GUID": "2eb941aa-c727-4d8d-98a0-d605d5ce90e3", "category": "privateschool", "_to_subway_reach_sr800": 1.0, "_to_subway_g_sr800": 0.78733774564789605, "_to_bluebike_reach_sr800": 9.0, "_to_bluebike_g_sr800": 5.169190690142635, "_to_bus_reach_sr800": 37.0, "_to_bus_g_sr800": 22.817537592196199, "Schools_to_Train_reach": 1.0, "Schools_to_Train_gravity": 0.78733774564789605, "Schools_to_Train_knn_access": 6.0, "Schools_to_Bus_reach": 37.0, "Schools_to_Bus_gravity": 22.817537592196199, "Schools_to_Bus_knn_access": 2.0, "Schools_to_Bluebike_reach": 9.0, "Schools_to_Bluebike_gravity": 5.169190690142635, "Schools_to_Bluebike_knn_access": 0.5, "total_knn_access": 8.5, "normalized_knn_access": 1.0 }, "geometry": { "type": "Point", "coordinates": [ 232814.0, 901771.0 ] } },
{ "type": "Feature", "properties": { "id": 211, "__GUID": "7727405f-37f7-462e-a32b-c797417a00e4", "category": "privateschool", "_to_subway_reach_sr800": 0.0, "_to_subway_g_sr800": 0.0, "_to_bluebike_reach_sr800": 0.0, "_to_bluebike_g_sr800": 0.0, "_to_bus_reach_sr800": 16.0, "_to_bus_g_sr800": 9.7559337711988796, "Schools_to_Train_reach": 0.0, "Schools_to_Train_gravity": 0.0, "Schools_to_Train_knn_access": 0.0, "Schools_to_Bus_reach": 16.0, "Schools_to_Bus_gravity": 9.7559337711988796, "Schools_to_Bus_knn_access": 2.0, "Schools_to_Bluebike_reach": 0.0, "Schools_to_Bluebike_gravity": 0.0, "Schools_to_Bluebike_knn_access": 0.0, "total_knn_access": 2.0, "normalized_knn_access": 0.23529411764705882 }, "geometry": { "type": "Point", "coordinates": [ 228469.0, 904598.0 ] } },
{ "type": "Feature", "properties": { "id": 212, "__GUID": "647c78bf-49c2-4cec-abbd-930bf18612b2", "category": "privateschool", "_to_subway_reach_sr800": 1.0, "_to_subway_g_sr800": 0.51381640953676755, "_to_bluebike_reach_sr800": 6.0, "_to_bluebike_g_sr800": 3.291270892525096, "_to_bus_reach_sr800": 45.0, "_to_bus_g_sr800": 25.722542861638374, "Schools_to_Train_reach": 1.0, "Schools_to_Train_gravity": 0.51381640953676755, "Schools_to_Train_knn_access": 6.0, "Schools_to_Bus_reach": 45.0, "Schools_to_Bus_gravity": 25.722542861638374, "Schools_to_Bus_knn_access": 2.0, "Schools_to_Bluebike_reach": 6.0, "Schools_to_Bluebike_gravity": 3.291270892525096, "Schools_to_Bluebike_knn_access": 0.5, "total_knn_access": 8.5, "normalized_knn_access": 1.0 }, "geometry": { "type": "Point", "coordinates": [ 232474.0, 902183.0 ] } },
{ "type": "Feature", "properties": { "id": 213, "__GUID": "26c1ff33-d1cf-49cd-9e4a-f711bf93d7bb", "category": "privateschool", "_to_subway_reach_sr800": 1.0, "_to_subway_g_sr800": 0.59490340782190354, "_to_bluebike_reach_sr800": 8.0, "_to_bluebike_g_sr800": 4.591757669794772, "_to_bus_reach_sr800": 27.0, "_to_bus_g_sr800": 15.828875623085624, "Schools_to_Train_reach": 1.0, "Schools_to_Train_gravity": 0.59490340782190354, "Schools_to_Train_knn_access": 6.0, "Schools_to_Bus_reach": 27.0, "Schools_to_Bus_gravity": 15.828875623085624, "Schools_to_Bus_knn_access": 2.0, "Schools_to_Bluebike_reach": 8.0, "Schools_to_Bluebike_gravity": 4.591757669794772, "Schools_to_Bluebike_knn_access": 0.5, "total_knn_access": 8.5, "normalized_knn_access": 1.0 }, "geometry": { "type": "Point", "coordinates": [ 231689.0, 902345.0 ] } },
{ "type": "Feature", "properties": { "id": 214, "__GUID": "bd8364c7-8d04-4e72-99f1-a0bdb7991efa", "category": "privateschool", "_to_subway_reach_sr800": 1.0, "_to_subway_g_sr800": 0.5229903572560568, "_to_bluebike_reach_sr800": 7.0, "_to_bluebike_g_sr800": 4.1948443139765983, "_to_bus_reach_sr800": 8.0, "_to_bus_g_sr800": 4.9416051774649841, "Schools_to_Train_reach": 1.0, "Schools_to_Train_gravity": 0.5229903572560568, "Schools_to_Train_knn_access": 6.0, "Schools_to_Bus_reach": 8.0, "Schools_to_Bus_gravity": 4.9416051774649841, "Schools_to_Bus_knn_access": 2.0, "Schools_to_Bluebike_reach": 7.0, "Schools_to_Bluebike_gravity": 4.1948443139765983, "Schools_to_Bluebike_knn_access": 0.5, "total_knn_access": 8.5, "normalized_knn_access": 1.0 }, "geometry": { "type": "Point", "coordinates": [ 233609.0, 901103.0 ] } },
{ "type": "Feature", "properties": { "id": 215, "__GUID": "97b08b67-fa6d-433a-8ada-2a43042ceefe", "category": "privateschool", "_to_subway_reach_sr800": 0.0, "_to_subway_g_sr800": 0.0, "_to_bluebike_reach_sr800": 1.0, "_to_bluebike_g_sr800": 0.49949528680439997, "_to_bus_reach_sr800": 6.0, "_to_bus_g_sr800": 3.6719116172413373, "Schools_to_Train_reach": 0.0, "Schools_to_Train_gravity": 0.0, "Schools_to_Train_knn_access": 0.0, "Schools_to_Bus_reach": 6.0, "Schools_to_Bus_gravity": 3.6719116172413373, "Schools_to_Bus_knn_access": 2.0, "Schools_to_Bluebike_reach": 1.0, "Schools_to_Bluebike_gravity": 0.49949528680439997, "Schools_to_Bluebike_knn_access": 0.25, "total_knn_access": 2.25, "normalized_knn_access": 0.26470588235294118 }, "geometry": { "type": "Point", "coordinates": [ 230196.0, 905843.0 ] } },
{ "type": "Feature", "properties": { "id": 216, "__GUID": "b0c1a7e9-ef07-4753-8f87-3d3c32ec8fd1", "category": "privateschool", "_to_subway_reach_sr800": 0.0, "_to_subway_g_sr800": 0.0, "_to_bluebike_reach_sr800": 4.0, "_to_bluebike_g_sr800": 2.4361243933181016, "_to_bus_reach_sr800": 20.0, "_to_bus_g_sr800": 10.363153715813832, "Schools_to_Train_reach": 0.0, "Schools_to_Train_gravity": 0.0, "Schools_to_Train_knn_access": 0.0, "Schools_to_Bus_reach": 20.0, "Schools_to_Bus_gravity": 10.363153715813832, "Schools_to_Bus_knn_access": 2.0, "Schools_to_Bluebike_reach": 4.0, "Schools_to_Bluebike_gravity": 2.4361243933181016, "Schools_to_Bluebike_knn_access": 0.5, "total_knn_access": 2.5, "normalized_knn_access": 0.29411764705882354 }, "geometry": { "type": "Point", "coordinates": [ 231516.0, 903364.0 ] } },
{ "type": "Feature", "properties": { "id": 217, "__GUID": "0505b2df-e338-4276-85f2-8f7f23d49fe7", "category": "privateschool", "_to_subway_reach_sr800": 0.0, "_to_subway_g_sr800": 0.0, "_to_bluebike_reach_sr800": 3.0, "_to_bluebike_g_sr800": 1.7303060316872736, "_to_bus_reach_sr800": 17.0, "_to_bus_g_sr800": 10.747346923385855, "Schools_to_Train_reach": 0.0, "Schools_to_Train_gravity": 0.0, "Schools_to_Train_knn_access": 0.0, "Schools_to_Bus_reach": 17.0, "Schools_to_Bus_gravity": 10.747346923385855, "Schools_to_Bus_knn_access": 2.0, "Schools_to_Bluebike_reach": 3.0, "Schools_to_Bluebike_gravity": 1.7303060316872736, "Schools_to_Bluebike_knn_access": 0.5, "total_knn_access": 2.5, "normalized_knn_access": 0.29411764705882354 }, "geometry": { "type": "Point", "coordinates": [ 231101.0, 903248.0 ] } },
{ "type": "Feature", "properties": { "id": 218, "__GUID": "3dd90832-b8e1-470d-b6de-6bfd35ecf96c", "category": "privateschool", "_to_subway_reach_sr800": 1.0, "_to_subway_g_sr800": 0.72059068863962028, "_to_bluebike_reach_sr800": 4.0, "_to_bluebike_g_sr800": 2.8799449060037015, "_to_bus_reach_sr800": 16.0, "_to_bus_g_sr800": 10.715648409802537, "Schools_to_Train_reach": 1.0, "Schools_to_Train_gravity": 0.72059068863962028, "Schools_to_Train_knn_access": 6.0, "Schools_to_Bus_reach": 16.0, "Schools_to_Bus_gravity": 10.715648409802537, "Schools_to_Bus_knn_access": 2.0, "Schools_to_Bluebike_reach": 4.0, "Schools_to_Bluebike_gravity": 2.8799449060037015, "Schools_to_Bluebike_knn_access": 0.5, "total_knn_access": 8.5, "normalized_knn_access": 1.0 }, "geometry": { "type": "Point", "coordinates": [ 231173.0, 902384.0 ] } },
{ "type": "Feature", "properties": { "id": 219, "__GUID": "85bbb8e7-b962-4fd6-b773-e9210b486f03", "category": "privateschool", "_to_subway_reach_sr800": 1.0, "_to_subway_g_sr800": 0.70951027191650951, "_to_bluebike_reach_sr800": 6.0, "_to_bluebike_g_sr800": 3.6930842326885047, "_to_bus_reach_sr800": 24.0, "_to_bus_g_sr800": 14.854512731089658, "Schools_to_Train_reach": 1.0, "Schools_to_Train_gravity": 0.70951027191650951, "Schools_to_Train_knn_access": 6.0, "Schools_to_Bus_reach": 24.0, "Schools_to_Bus_gravity": 14.854512731089658, "Schools_to_Bus_knn_access": 2.0, "Schools_to_Bluebike_reach": 6.0, "Schools_to_Bluebike_gravity": 3.6930842326885047, "Schools_to_Bluebike_knn_access": 0.5, "total_knn_access": 8.5, "normalized_knn_access": 1.0 }, "geometry": { "type": "Point", "coordinates": [ 231166.0, 902728.0 ] } },
{ "type": "Feature", "properties": { "id": 220, "__GUID": "f8a893a1-5657-4ee9-8f31-2f18a7579468", "category": "privateschool", "_to_subway_reach_sr800": 1.0, "_to_subway_g_sr800": 0.52233062993979762, "_to_bluebike_reach_sr800": 6.0, "_to_bluebike_g_sr800": 3.576051039104954, "_to_bus_reach_sr800": 21.0, "_to_bus_g_sr800": 12.871641429227367, "Schools_to_Train_reach": 1.0, "Schools_to_Train_gravity": 0.52233062993979762, "Schools_to_Train_knn_access": 6.0, "Schools_to_Bus_reach": 21.0, "Schools_to_Bus_gravity": 12.871641429227367, "Schools_to_Bus_knn_access": 2.0, "Schools_to_Bluebike_reach": 6.0, "Schools_to_Bluebike_gravity": 3.576051039104954, "Schools_to_Bluebike_knn_access": 0.5, "total_knn_access": 8.5, "normalized_knn_access": 1.0 }, "geometry": { "type": "Point", "coordinates": [ 231319.0, 903189.0 ] } },
{ "type": "Feature", "properties": { "id": 221, "__GUID": "d391b19f-dde9-421b-b264-e0e84bba4554", "category": "privateschool", "_to_subway_reach_sr800": 1.0, "_to_subway_g_sr800": 0.63800472309051048, "_to_bluebike_reach_sr800": 7.0, "_to_bluebike_g_sr800": 4.1309574224174028, "_to_bus_reach_sr800": 28.0, "_to_bus_g_sr800": 16.881654548910923, "Schools_to_Train_reach": 1.0, "Schools_to_Train_gravity": 0.63800472309051048, "Schools_to_Train_knn_access": 6.0, "Schools_to_Bus_reach": 28.0, "Schools_to_Bus_gravity": 16.881654548910923, "Schools_to_Bus_knn_access": 2.0, "Schools_to_Bluebike_reach": 7.0, "Schools_to_Bluebike_gravity": 4.1309574224174028, "Schools_to_Bluebike_knn_access": 0.5, "total_knn_access": 8.5, "normalized_knn_access": 1.0 }, "geometry": { "type": "Point", "coordinates": [ 231140.0, 902841.0 ] } },
{ "type": "Feature", "properties": { "id": 222, "__GUID": "532c6068-0529-4445-a7ce-82c3f5ce42c1", "category": "privateschool", "_to_subway_reach_sr800": 1.0, "_to_subway_g_sr800": 0.51530070383582072, "_to_bluebike_reach_sr800": 6.0, "_to_bluebike_g_sr800": 3.7676936114585624, "_to_bus_reach_sr800": 32.0, "_to_bus_g_sr800": 19.827677534794354, "Schools_to_Train_reach": 1.0, "Schools_to_Train_gravity": 0.51530070383582072, "Schools_to_Train_knn_access": 6.0, "Schools_to_Bus_reach": 32.0, "Schools_to_Bus_gravity": 19.827677534794354, "Schools_to_Bus_knn_access": 2.0, "Schools_to_Bluebike_reach": 6.0, "Schools_to_Bluebike_gravity": 3.7676936114585624, "Schools_to_Bluebike_knn_access": 0.5, "total_knn_access": 8.5, "normalized_knn_access": 1.0 }, "geometry": { "type": "Point", "coordinates": [ 231802.0, 902878.0 ] } },
{ "type": "Feature", "properties": { "id": 223, "__GUID": "cbff761e-91cb-44b4-80e2-fa0a592c76e2", "category": "privateschool", "_to_subway_reach_sr800": 1.0, "_to_subway_g_sr800": 0.7819490584722828, "_to_bluebike_reach_sr800": 9.0, "_to_bluebike_g_sr800": 5.457603438063189, "_to_bus_reach_sr800": 32.0, "_to_bus_g_sr800": 19.151143700643317, "Schools_to_Train_reach": 1.0, "Schools_to_Train_gravity": 0.7819490584722828, "Schools_to_Train_knn_access": 6.0, "Schools_to_Bus_reach": 32.0, "Schools_to_Bus_gravity": 19.151143700643317, "Schools_to_Bus_knn_access": 2.0, "Schools_to_Bluebike_reach": 9.0, "Schools_to_Bluebike_gravity": 5.457603438063189, "Schools_to_Bluebike_knn_access": 0.5, "total_knn_access": 8.5, "normalized_knn_access": 1.0 }, "geometry": { "type": "Point", "coordinates": [ 231539.0, 902730.0 ] } },
{ "type": "Feature", "properties": { "id": 224, "__GUID": "6524cf22-a194-40d3-a7ad-dcc4c0a234c4", "category": "privateschool", "_to_subway_reach_sr800": 1.0, "_to_subway_g_sr800": 0.53939766037042791, "_to_bluebike_reach_sr800": 6.0, "_to_bluebike_g_sr800": 3.257211009349708, "_to_bus_reach_sr800": 24.0, "_to_bus_g_sr800": 14.368694546092264, "Schools_to_Train_reach": 1.0, "Schools_to_Train_gravity": 0.53939766037042791, "Schools_to_Train_knn_access": 6.0, "Schools_to_Bus_reach": 24.0, "Schools_to_Bus_gravity": 14.368694546092264, "Schools_to_Bus_knn_access": 2.0, "Schools_to_Bluebike_reach": 6.0, "Schools_to_Bluebike_gravity": 3.257211009349708, "Schools_to_Bluebike_knn_access": 0.5, "total_knn_access": 8.5, "normalized_knn_access": 1.0 }, "geometry": { "type": "Point", "coordinates": [ 230948.0, 902935.0 ] } },
{ "type": "Feature", "properties": { "id": 225, "__GUID": "b866b77a-6d52-49f6-ad85-8dc36f411266", "category": "privateschool", "_to_subway_reach_sr800": 0.0, "_to_subway_g_sr800": 0.0, "_to_bluebike_reach_sr800": 3.0, "_to_bluebike_g_sr800": 1.6369552003506158, "_to_bus_reach_sr800": 14.0, "_to_bus_g_sr800": 7.8699192598314909, "Schools_to_Train_reach": 0.0, "Schools_to_Train_gravity": 0.0, "Schools_to_Train_knn_access": 0.0, "Schools_to_Bus_reach": 14.0, "Schools_to_Bus_gravity": 7.8699192598314909, "Schools_to_Bus_knn_access": 2.0, "Schools_to_Bluebike_reach": 3.0, "Schools_to_Bluebike_gravity": 1.6369552003506158, "Schools_to_Bluebike_knn_access": 0.5, "total_knn_access": 2.5, "normalized_knn_access": 0.29411764705882354 }, "geometry": { "type": "Point", "coordinates": [ 230269.0, 903989.0 ] } },
{ "type": "Feature", "properties": { "id": 226, "__GUID": "9da44c47-ba75-4397-8758-52e708efd2f6", "category": "privateschool", "_to_subway_reach_sr800": 0.0, "_to_subway_g_sr800": 0.0, "_to_bluebike_reach_sr800": 2.0, "_to_bluebike_g_sr800": 1.219781636844449, "_to_bus_reach_sr800": 7.0, "_to_bus_g_sr800": 3.4637038061750425, "Schools_to_Train_reach": 0.0, "Schools_to_Train_gravity": 0.0, "Schools_to_Train_knn_access": 0.0, "Schools_to_Bus_reach": 7.0, "Schools_to_Bus_gravity": 3.4637038061750425, "Schools_to_Bus_knn_access": 2.0, "Schools_to_Bluebike_reach": 2.0, "Schools_to_Bluebike_gravity": 1.219781636844449, "Schools_to_Bluebike_knn_access": 0.5, "total_knn_access": 2.5, "normalized_knn_access": 0.29411764705882354 }, "geometry": { "type": "Point", "coordinates": [ 230421.0, 904208.0 ] } },
{ "type": "Feature", "properties": { "id": 227, "__GUID": "6b946019-533f-4686-9685-7697b88b585e", "category": "privateschool", "_to_subway_reach_sr800": 0.0, "_to_subway_g_sr800": 0.0, "_to_bluebike_reach_sr800": 0.0, "_to_bluebike_g_sr800": 0.0, "_to_bus_reach_sr800": 6.0, "_to_bus_g_sr800": 3.0358949377799402, "Schools_to_Train_reach": 0.0, "Schools_to_Train_gravity": 0.0, "Schools_to_Train_knn_access": 0.0, "Schools_to_Bus_reach": 6.0, "Schools_to_Bus_gravity": 3.0358949377799402, "Schools_to_Bus_knn_access": 2.0, "Schools_to_Bluebike_reach": 0.0, "Schools_to_Bluebike_gravity": 0.0, "Schools_to_Bluebike_knn_access": 0.0, "total_knn_access": 2.0, "normalized_knn_access": 0.23529411764705882 }, "geometry": { "type": "Point", "coordinates": [ 229742.0, 902342.0 ] } },
{ "type": "Feature", "properties": { "id": 228, "__GUID": "8000b1f6-b413-4993-a846-2c5c1d59cb97", "category": "privateschool", "_to_subway_reach_sr800": 0.0, "_to_subway_g_sr800": 0.0, "_to_bluebike_reach_sr800": 0.0, "_to_bluebike_g_sr800": 0.0, "_to_bus_reach_sr800": 0.0, "_to_bus_g_sr800": 0.0, "Schools_to_Train_reach": 0.0, "Schools_to_Train_gravity": 0.0, "Schools_to_Train_knn_access": 0.0, "Schools_to_Bus_reach": 0.0, "Schools_to_Bus_gravity": 0.0, "Schools_to_Bus_knn_access": 0.0, "Schools_to_Bluebike_reach": 0.0, "Schools_to_Bluebike_gravity": 0.0, "Schools_to_Bluebike_knn_access": 0.0, "total_knn_access": 0.0, "normalized_knn_access": 0.0 }, "geometry": { "type": "Point", "coordinates": [ 230027.0, 902329.0 ] } },
{ "type": "Feature", "properties": { "id": 229, "__GUID": "9ae02158-2a6f-4488-a7d7-d3f5d1008e11", "category": "privateschool", "_to_subway_reach_sr800": 1.0, "_to_subway_g_sr800": 0.68130300292140134, "_to_bluebike_reach_sr800": 6.0, "_to_bluebike_g_sr800": 3.7709103730433688, "_to_bus_reach_sr800": 27.0, "_to_bus_g_sr800": 17.043557167575894, "Schools_to_Train_reach": 1.0, "Schools_to_Train_gravity": 0.68130300292140134, "Schools_to_Train_knn_access": 6.0, "Schools_to_Bus_reach": 27.0, "Schools_to_Bus_gravity": 17.043557167575894, "Schools_to_Bus_knn_access": 2.0, "Schools_to_Bluebike_reach": 6.0, "Schools_to_Bluebike_gravity": 3.7709103730433688, "Schools_to_Bluebike_knn_access": 0.5, "total_knn_access": 8.5, "normalized_knn_access": 1.0 }, "geometry": { "type": "Point", "coordinates": [ 232571.0, 901476.0 ] } },
{ "type": "Feature", "properties": { "id": 230, "__GUID": "63f3fb79-e10f-4def-8b66-2997c5b8e33b", "category": "privateschool", "_to_subway_reach_sr800": 0.0, "_to_subway_g_sr800": 0.0, "_to_bluebike_reach_sr800": 1.0, "_to_bluebike_g_sr800": 0.75124460991757025, "_to_bus_reach_sr800": 18.0, "_to_bus_g_sr800": 10.541500251224816, "Schools_to_Train_reach": 0.0, "Schools_to_Train_gravity": 0.0, "Schools_to_Train_knn_access": 0.0, "Schools_to_Bus_reach": 18.0, "Schools_to_Bus_gravity": 10.541500251224816, "Schools_to_Bus_knn_access": 2.0, "Schools_to_Bluebike_reach": 1.0, "Schools_to_Bluebike_gravity": 0.75124460991757025, "Schools_to_Bluebike_knn_access": 0.25, "total_knn_access": 2.25, "normalized_knn_access": 0.26470588235294118 }, "geometry": { "type": "Point", "coordinates": [ 230370.0, 903437.0 ] } },
{ "type": "Feature", "properties": { "id": 231, "__GUID": "e3575efc-40b2-471a-ace3-9825bdafc622", "category": "privateschool", "_to_subway_reach_sr800": 0.0, "_to_subway_g_sr800": 0.0, "_to_bluebike_reach_sr800": 1.0, "_to_bluebike_g_sr800": 0.59284295794199227, "_to_bus_reach_sr800": 14.0, "_to_bus_g_sr800": 9.0211538583264996, "Schools_to_Train_reach": 0.0, "Schools_to_Train_gravity": 0.0, "Schools_to_Train_knn_access": 0.0, "Schools_to_Bus_reach": 14.0, "Schools_to_Bus_gravity": 9.0211538583264996, "Schools_to_Bus_knn_access": 2.0, "Schools_to_Bluebike_reach": 1.0, "Schools_to_Bluebike_gravity": 0.59284295794199227, "Schools_to_Bluebike_knn_access": 0.25, "total_knn_access": 2.25, "normalized_knn_access": 0.26470588235294118 }, "geometry": { "type": "Point", "coordinates": [ 230529.0, 903276.0 ] } },
{ "type": "Feature", "properties": { "id": 232, "__GUID": "e0b70cdf-6ac8-4b4a-8d3d-593b07aa753b", "category": "privateschool", "_to_subway_reach_sr800": 0.0, "_to_subway_g_sr800": 0.0, "_to_bluebike_reach_sr800": 1.0, "_to_bluebike_g_sr800": 0.52328664957812343, "_to_bus_reach_sr800": 6.0, "_to_bus_g_sr800": 3.6798498131454807, "Schools_to_Train_reach": 0.0, "Schools_to_Train_gravity": 0.0, "Schools_to_Train_knn_access": 0.0, "Schools_to_Bus_reach": 6.0, "Schools_to_Bus_gravity": 3.6798498131454807, "Schools_to_Bus_knn_access": 2.0, "Schools_to_Bluebike_reach": 1.0, "Schools_to_Bluebike_gravity": 0.52328664957812343, "Schools_to_Bluebike_knn_access": 0.25, "total_knn_access": 2.25, "normalized_knn_access": 0.26470588235294118 }, "geometry": { "type": "Point", "coordinates": [ 230344.0, 905736.0 ] } },
{ "type": "Feature", "properties": { "id": 233, "__GUID": "ff27e6fb-a523-4695-a8ba-f56ad656fbcd", "category": "privateschool", "_to_subway_reach_sr800": 0.0, "_to_subway_g_sr800": 0.0, "_to_bluebike_reach_sr800": 2.0, "_to_bluebike_g_sr800": 1.3388743475084519, "_to_bus_reach_sr800": 19.0, "_to_bus_g_sr800": 11.866892445120927, "Schools_to_Train_reach": 0.0, "Schools_to_Train_gravity": 0.0, "Schools_to_Train_knn_access": 0.0, "Schools_to_Bus_reach": 19.0, "Schools_to_Bus_gravity": 11.866892445120927, "Schools_to_Bus_knn_access": 2.0, "Schools_to_Bluebike_reach": 2.0, "Schools_to_Bluebike_gravity": 1.3388743475084519, "Schools_to_Bluebike_knn_access": 0.5, "total_knn_access": 2.5, "normalized_knn_access": 0.29411764705882354 }, "geometry": { "type": "Point", "coordinates": [ 230485.0, 905028.0 ] } },
{ "type": "Feature", "properties": { "id": 234, "__GUID": "d052ce3f-4eb4-47e3-b171-5390d62cedd0", "category": "publicschool", "_to_subway_reach_sr800": 1.0, "_to_subway_g_sr800": 0.47247394272720306, "_to_bluebike_reach_sr800": 5.0, "_to_bluebike_g_sr800": 2.961948423818261, "_to_bus_reach_sr800": 41.0, "_to_bus_g_sr800": 25.041297498750644, "Schools_to_Train_reach": 1.0, "Schools_to_Train_gravity": 0.47247394272720306, "Schools_to_Train_knn_access": 6.0, "Schools_to_Bus_reach": 41.0, "Schools_to_Bus_gravity": 25.041297498750644, "Schools_to_Bus_knn_access": 2.0, "Schools_to_Bluebike_reach": 5.0, "Schools_to_Bluebike_gravity": 2.961948423818261, "Schools_to_Bluebike_knn_access": 0.5, "total_knn_access": 8.5, "normalized_knn_access": 1.0 }, "geometry": { "type": "Point", "coordinates": [ 232643.0, 902343.0 ] } },
{ "type": "Feature", "properties": { "id": 235, "__GUID": "5c7cef66-3afa-4af6-9260-7c5fdc5781bc", "category": "publicschool", "_to_subway_reach_sr800": 0.0, "_to_subway_g_sr800": 0.0, "_to_bluebike_reach_sr800": 4.0, "_to_bluebike_g_sr800": 2.5048555879888292, "_to_bus_reach_sr800": 43.0, "_to_bus_g_sr800": 25.637560587323087, "Schools_to_Train_reach": 0.0, "Schools_to_Train_gravity": 0.0, "Schools_to_Train_knn_access": 0.0, "Schools_to_Bus_reach": 43.0, "Schools_to_Bus_gravity": 25.637560587323087, "Schools_to_Bus_knn_access": 2.0, "Schools_to_Bluebike_reach": 4.0, "Schools_to_Bluebike_gravity": 2.5048555879888292, "Schools_to_Bluebike_knn_access": 0.5, "total_knn_access": 2.5, "normalized_knn_access": 0.29411764705882354 }, "geometry": { "type": "Point", "coordinates": [ 232606.0, 902365.0 ] } },
{ "type": "Feature", "properties": { "id": 236, "__GUID": "91af9728-9944-431e-ae80-2cb66697e9b3", "category": "publicschool", "_to_subway_reach_sr800": 0.0, "_to_subway_g_sr800": 0.0, "_to_bluebike_reach_sr800": 3.0, "_to_bluebike_g_sr800": 2.1689789257628287, "_to_bus_reach_sr800": 18.0, "_to_bus_g_sr800": 10.815157945557274, "Schools_to_Train_reach": 0.0, "Schools_to_Train_gravity": 0.0, "Schools_to_Train_knn_access": 0.0, "Schools_to_Bus_reach": 18.0, "Schools_to_Bus_gravity": 10.815157945557274, "Schools_to_Bus_knn_access": 2.0, "Schools_to_Bluebike_reach": 3.0, "Schools_to_Bluebike_gravity": 2.1689789257628287, "Schools_to_Bluebike_knn_access": 0.5, "total_knn_access": 2.5, "normalized_knn_access": 0.29411764705882354 }, "geometry": { "type": "Point", "coordinates": [ 229693.0, 903814.0 ] } },
{ "type": "Feature", "properties": { "id": 237, "__GUID": "2c7be26e-5546-4043-80d4-8d62ba382d4c", "category": "publicschool", "_to_subway_reach_sr800": 1.0, "_to_subway_g_sr800": 0.47122060882002509, "_to_bluebike_reach_sr800": 3.0, "_to_bluebike_g_sr800": 1.8515189687424378, "_to_bus_reach_sr800": 19.0, "_to_bus_g_sr800": 12.474203324872828, "Schools_to_Train_reach": 1.0, "Schools_to_Train_gravity": 0.47122060882002509, "Schools_to_Train_knn_access": 6.0, "Schools_to_Bus_reach": 19.0, "Schools_to_Bus_gravity": 12.474203324872828, "Schools_to_Bus_knn_access": 2.0, "Schools_to_Bluebike_reach": 3.0, "Schools_to_Bluebike_gravity": 1.8515189687424378, "Schools_to_Bluebike_knn_access": 0.5, "total_knn_access": 8.5, "normalized_knn_access": 1.0 }, "geometry": { "type": "Point", "coordinates": [ 230626.0, 904693.0 ] } },
{ "type": "Feature", "properties": { "id": 238, "__GUID": "7d47534c-fca8-4e36-b29a-bebfa841a6f8", "category": "publicschool", "_to_subway_reach_sr800": 0.0, "_to_subway_g_sr800": 0.0, "_to_bluebike_reach_sr800": 3.0, "_to_bluebike_g_sr800": 2.0353014268672589, "_to_bus_reach_sr800": 16.0, "_to_bus_g_sr800": 9.3255812860441853, "Schools_to_Train_reach": 0.0, "Schools_to_Train_gravity": 0.0, "Schools_to_Train_knn_access": 0.0, "Schools_to_Bus_reach": 16.0, "Schools_to_Bus_gravity": 9.3255812860441853, "Schools_to_Bus_knn_access": 2.0, "Schools_to_Bluebike_reach": 3.0, "Schools_to_Bluebike_gravity": 2.0353014268672589, "Schools_to_Bluebike_knn_access": 0.5, "total_knn_access": 2.5, "normalized_knn_access": 0.29411764705882354 }, "geometry": { "type": "Point", "coordinates": [ 231863.0, 901909.0 ] } },
{ "type": "Feature", "properties": { "id": 239, "__GUID": "20c67276-23c6-42f4-8a75-90d85c1f1b71", "category": "publicschool", "_to_subway_reach_sr800": 0.0, "_to_subway_g_sr800": 0.0, "_to_bluebike_reach_sr800": 1.0, "_to_bluebike_g_sr800": 0.58630549749903405, "_to_bus_reach_sr800": 13.0, "_to_bus_g_sr800": 7.756089061912971, "Schools_to_Train_reach": 0.0, "Schools_to_Train_gravity": 0.0, "Schools_to_Train_knn_access": 0.0, "Schools_to_Bus_reach": 13.0, "Schools_to_Bus_gravity": 7.756089061912971, "Schools_to_Bus_knn_access": 2.0, "Schools_to_Bluebike_reach": 1.0, "Schools_to_Bluebike_gravity": 0.58630549749903405, "Schools_to_Bluebike_knn_access": 0.25, "total_knn_access": 2.25, "normalized_knn_access": 0.26470588235294118 }, "geometry": { "type": "Point", "coordinates": [ 234026.0, 902188.0 ] } },
{ "type": "Feature", "properties": { "id": 240, "__GUID": "308b8c7e-4bad-4d4a-ae49-1aaed3728a39", "category": "publicschool", "_to_subway_reach_sr800": 0.0, "_to_subway_g_sr800": 0.0, "_to_bluebike_reach_sr800": 3.0, "_to_bluebike_g_sr800": 2.0341726928833817, "_to_bus_reach_sr800": 16.0, "_to_bus_g_sr800": 9.2841034377164799, "Schools_to_Train_reach": 0.0, "Schools_to_Train_gravity": 0.0, "Schools_to_Train_knn_access": 0.0, "Schools_to_Bus_reach": 16.0, "Schools_to_Bus_gravity": 9.2841034377164799, "Schools_to_Bus_knn_access": 2.0, "Schools_to_Bluebike_reach": 3.0, "Schools_to_Bluebike_gravity": 2.0341726928833817, "Schools_to_Bluebike_knn_access": 0.5, "total_knn_access": 2.5, "normalized_knn_access": 0.29411764705882354 }, "geometry": { "type": "Point", "coordinates": [ 231857.0, 901866.0 ] } },
{ "type": "Feature", "properties": { "id": 241, "__GUID": "f7149643-96c5-4951-a555-8d4afe4bbef4", "category": "publicschool", "_to_subway_reach_sr800": 1.0, "_to_subway_g_sr800": 0.56658806141470019, "_to_bluebike_reach_sr800": 4.0, "_to_bluebike_g_sr800": 2.4105135676703884, "_to_bus_reach_sr800": 27.0, "_to_bus_g_sr800": 16.392091272721824, "Schools_to_Train_reach": 1.0, "Schools_to_Train_gravity": 0.56658806141470019, "Schools_to_Train_knn_access": 6.0, "Schools_to_Bus_reach": 27.0, "Schools_to_Bus_gravity": 16.392091272721824, "Schools_to_Bus_knn_access": 2.0, "Schools_to_Bluebike_reach": 4.0, "Schools_to_Bluebike_gravity": 2.4105135676703884, "Schools_to_Bluebike_knn_access": 0.5, "total_knn_access": 8.5, "normalized_knn_access": 1.0 }, "geometry": { "type": "Point", "coordinates": [ 232273.0, 901464.0 ] } },
{ "type": "Feature", "properties": { "id": 242, "__GUID": "931417f5-592f-4be1-b32a-b4d1bc1e2b95", "category": "publicschool", "_to_subway_reach_sr800": 0.0, "_to_subway_g_sr800": 0.0, "_to_bluebike_reach_sr800": 3.0, "_to_bluebike_g_sr800": 1.5849200839976381, "_to_bus_reach_sr800": 6.0, "_to_bus_g_sr800": 3.5513452237960066, "Schools_to_Train_reach": 0.0, "Schools_to_Train_gravity": 0.0, "Schools_to_Train_knn_access": 0.0, "Schools_to_Bus_reach": 6.0, "Schools_to_Bus_gravity": 3.5513452237960066, "Schools_to_Bus_knn_access": 2.0, "Schools_to_Bluebike_reach": 3.0, "Schools_to_Bluebike_gravity": 1.5849200839976381, "Schools_to_Bluebike_knn_access": 0.5, "total_knn_access": 2.5, "normalized_knn_access": 0.29411764705882354 }, "geometry": { "type": "Point", "coordinates": [ 231565.0, 903608.0 ] } },
{ "type": "Feature", "properties": { "id": 243, "__GUID": "163c7ad0-0784-4293-9992-54df5a4a08e1", "category": "publicschool", "_to_subway_reach_sr800": 0.0, "_to_subway_g_sr800": 0.0, "_to_bluebike_reach_sr800": 3.0, "_to_bluebike_g_sr800": 2.1321010587063354, "_to_bus_reach_sr800": 18.0, "_to_bus_g_sr800": 10.684693920034098, "Schools_to_Train_reach": 0.0, "Schools_to_Train_gravity": 0.0, "Schools_to_Train_knn_access": 0.0, "Schools_to_Bus_reach": 18.0, "Schools_to_Bus_gravity": 10.684693920034098, "Schools_to_Bus_knn_access": 2.0, "Schools_to_Bluebike_reach": 3.0, "Schools_to_Bluebike_gravity": 2.1321010587063354, "Schools_to_Bluebike_knn_access": 0.5, "total_knn_access": 2.5, "normalized_knn_access": 0.29411764705882354 }, "geometry": { "type": "Point", "coordinates": [ 229659.0, 903831.0 ] } },
{ "type": "Feature", "properties": { "id": 244, "__GUID": "00c6c171-64c0-44ad-9b27-4346a5bcde69", "category": "publicschool", "_to_subway_reach_sr800": 1.0, "_to_subway_g_sr800": 0.47973552645289563, "_to_bluebike_reach_sr800": 5.0, "_to_bluebike_g_sr800": 3.2683943017936938, "_to_bus_reach_sr800": 29.0, "_to_bus_g_sr800": 19.091313850204784, "Schools_to_Train_reach": 1.0, "Schools_to_Train_gravity": 0.47973552645289563, "Schools_to_Train_knn_access": 6.0, "Schools_to_Bus_reach": 29.0, "Schools_to_Bus_gravity": 19.091313850204784, "Schools_to_Bus_knn_access": 2.0, "Schools_to_Bluebike_reach": 5.0, "Schools_to_Bluebike_gravity": 3.2683943017936938, "Schools_to_Bluebike_knn_access": 0.5, "total_knn_access": 8.5, "normalized_knn_access": 1.0 }, "geometry": { "type": "Point", "coordinates": [ 231955.0, 902733.0 ] } },
{ "type": "Feature", "properties": { "id": 245, "__GUID": "f578c91e-783e-45ea-a921-893e69351a41", "category": "publicschool", "_to_subway_reach_sr800": 1.0, "_to_subway_g_sr800": 0.46893071619208404, "_to_bluebike_reach_sr800": 5.0, "_to_bluebike_g_sr800": 3.3747757660145492, "_to_bus_reach_sr800": 33.0, "_to_bus_g_sr800": 21.064545759340163, "Schools_to_Train_reach": 1.0, "Schools_to_Train_gravity": 0.46893071619208404, "Schools_to_Train_knn_access": 6.0, "Schools_to_Bus_reach": 33.0, "Schools_to_Bus_gravity": 21.064545759340163, "Schools_to_Bus_knn_access": 2.0, "Schools_to_Bluebike_reach": 5.0, "Schools_to_Bluebike_gravity": 3.3747757660145492, "Schools_to_Bluebike_knn_access": 0.5, "total_knn_access": 8.5, "normalized_knn_access": 1.0 }, "geometry": { "type": "Point", "coordinates": [ 231960.0, 902614.0 ] } },
{ "type": "Feature", "properties": { "id": 246, "__GUID": "54893e70-76ea-42a2-b7c6-c5b704d98e09", "category": "publicschool", "_to_subway_reach_sr800": 1.0, "_to_subway_g_sr800": 0.47051836258123403, "_to_bluebike_reach_sr800": 3.0, "_to_bluebike_g_sr800": 1.9657944522967346, "_to_bus_reach_sr800": 20.0, "_to_bus_g_sr800": 13.515216570699128, "Schools_to_Train_reach": 1.0, "Schools_to_Train_gravity": 0.47051836258123403, "Schools_to_Train_knn_access": 6.0, "Schools_to_Bus_reach": 20.0, "Schools_to_Bus_gravity": 13.515216570699128, "Schools_to_Bus_knn_access": 2.0, "Schools_to_Bluebike_reach": 3.0, "Schools_to_Bluebike_gravity": 1.9657944522967346, "Schools_to_Bluebike_knn_access": 0.5, "total_knn_access": 8.5, "normalized_knn_access": 1.0 }, "geometry": { "type": "Point", "coordinates": [ 230599.0, 904711.0 ] } },
{ "type": "Feature", "properties": { "id": 247, "__GUID": "98f7ceb4-7397-4ae3-9a6c-452ebd056a87", "category": "publicschool", "_to_subway_reach_sr800": 0.0, "_to_subway_g_sr800": 0.0, "_to_bluebike_reach_sr800": 1.0, "_to_bluebike_g_sr800": 0.84671249911696833, "_to_bus_reach_sr800": 8.0, "_to_bus_g_sr800": 5.193225034431995, "Schools_to_Train_reach": 0.0, "Schools_to_Train_gravity": 0.0, "Schools_to_Train_knn_access": 0.0, "Schools_to_Bus_reach": 8.0, "Schools_to_Bus_gravity": 5.193225034431995, "Schools_to_Bus_knn_access": 2.0, "Schools_to_Bluebike_reach": 1.0, "Schools_to_Bluebike_gravity": 0.84671249911696833, "Schools_to_Bluebike_knn_access": 0.25, "total_knn_access": 2.25, "normalized_knn_access": 0.26470588235294118 }, "geometry": { "type": "Point", "coordinates": [ 231906.0, 900673.0 ] } },
{ "type": "Feature", "properties": { "id": 248, "__GUID": "1af39be7-00ea-4389-a228-fc87b952a56a", "category": "publicschool", "_to_subway_reach_sr800": 0.0, "_to_subway_g_sr800": 0.0, "_to_bluebike_reach_sr800": 3.0, "_to_bluebike_g_sr800": 1.5833605089716005, "_to_bus_reach_sr800": 10.0, "_to_bus_g_sr800": 5.5266964032271506, "Schools_to_Train_reach": 0.0, "Schools_to_Train_gravity": 0.0, "Schools_to_Train_knn_access": 0.0, "Schools_to_Bus_reach": 10.0, "Schools_to_Bus_gravity": 5.5266964032271506, "Schools_to_Bus_knn_access": 2.0, "Schools_to_Bluebike_reach": 3.0, "Schools_to_Bluebike_gravity": 1.5833605089716005, "Schools_to_Bluebike_knn_access": 0.5, "total_knn_access": 2.5, "normalized_knn_access": 0.29411764705882354 }, "geometry": { "type": "Point", "coordinates": [ 234049.0, 902184.0 ] } },
{ "type": "Feature", "properties": { "id": 249, "__GUID": "edbbb247-ca50-43c3-ae54-a1b6f1c22951", "category": "publicschool", "_to_subway_reach_sr800": 0.0, "_to_subway_g_sr800": 0.0, "_to_bluebike_reach_sr800": 2.0, "_to_bluebike_g_sr800": 1.1909482948117482, "_to_bus_reach_sr800": 14.0, "_to_bus_g_sr800": 8.4971944351660902, "Schools_to_Train_reach": 0.0, "Schools_to_Train_gravity": 0.0, "Schools_to_Train_knn_access": 0.0, "Schools_to_Bus_reach": 14.0, "Schools_to_Bus_gravity": 8.4971944351660902, "Schools_to_Bus_knn_access": 2.0, "Schools_to_Bluebike_reach": 2.0, "Schools_to_Bluebike_gravity": 1.1909482948117482, "Schools_to_Bluebike_knn_access": 0.5, "total_knn_access": 2.5, "normalized_knn_access": 0.29411764705882354 }, "geometry": { "type": "Point", "coordinates": [ 228611.0, 903118.0 ] } },
{ "type": "Feature", "properties": { "id": 250, "__GUID": "dfa7c700-2ee1-4fdd-ab9f-3aba38544523", "category": "publicschool", "_to_subway_reach_sr800": 0.0, "_to_subway_g_sr800": 0.0, "_to_bluebike_reach_sr800": 3.0, "_to_bluebike_g_sr800": 1.6038652453716633, "_to_bus_reach_sr800": 13.0, "_to_bus_g_sr800": 6.9578602923991308, "Schools_to_Train_reach": 0.0, "Schools_to_Train_gravity": 0.0, "Schools_to_Train_knn_access": 0.0, "Schools_to_Bus_reach": 13.0, "Schools_to_Bus_gravity": 6.9578602923991308, "Schools_to_Bus_knn_access": 2.0, "Schools_to_Bluebike_reach": 3.0, "Schools_to_Bluebike_gravity": 1.6038652453716633, "Schools_to_Bluebike_knn_access": 0.5, "total_knn_access": 2.5, "normalized_knn_access": 0.29411764705882354 }, "geometry": { "type": "Point", "coordinates": [ 230989.0, 903643.0 ] } },
{ "type": "Feature", "properties": { "id": 251, "__GUID": "ef544e97-4450-4e6b-b0ab-75484c660ff4", "category": "publicschool", "_to_subway_reach_sr800": 0.0, "_to_subway_g_sr800": 0.0, "_to_bluebike_reach_sr800": 7.0, "_to_bluebike_g_sr800": 4.0623937007889781, "_to_bus_reach_sr800": 35.0, "_to_bus_g_sr800": 21.415603846134434, "Schools_to_Train_reach": 0.0, "Schools_to_Train_gravity": 0.0, "Schools_to_Train_knn_access": 0.0, "Schools_to_Bus_reach": 35.0, "Schools_to_Bus_gravity": 21.415603846134434, "Schools_to_Bus_knn_access": 2.0, "Schools_to_Bluebike_reach": 7.0, "Schools_to_Bluebike_gravity": 4.0623937007889781, "Schools_to_Bluebike_knn_access": 0.5, "total_knn_access": 2.5, "normalized_knn_access": 0.29411764705882354 }, "geometry": { "type": "Point", "coordinates": [ 233287.0, 901889.0 ] } },
{ "type": "Feature", "properties": { "id": 252, "__GUID": "fdd40a76-cdf1-4a69-989d-a41b9bc40f06", "category": "publicschool", "_to_subway_reach_sr800": 0.0, "_to_subway_g_sr800": 0.0, "_to_bluebike_reach_sr800": 8.0, "_to_bluebike_g_sr800": 4.3349002193259007, "_to_bus_reach_sr800": 44.0, "_to_bus_g_sr800": 26.366455336785204, "Schools_to_Train_reach": 0.0, "Schools_to_Train_gravity": 0.0, "Schools_to_Train_knn_access": 0.0, "Schools_to_Bus_reach": 44.0, "Schools_to_Bus_gravity": 26.366455336785204, "Schools_to_Bus_knn_access": 2.0, "Schools_to_Bluebike_reach": 8.0, "Schools_to_Bluebike_gravity": 4.3349002193259007, "Schools_to_Bluebike_knn_access": 0.5, "total_knn_access": 2.5, "normalized_knn_access": 0.29411764705882354 }, "geometry": { "type": "Point", "coordinates": [ 233121.0, 902166.0 ] } },
{ "type": "Feature", "properties": { "id": 253, "__GUID": "c31a4918-bab7-4c41-9385-b1e029b72efc", "category": "publicschool", "_to_subway_reach_sr800": 1.0, "_to_subway_g_sr800": 0.47973552645289563, "_to_bluebike_reach_sr800": 5.0, "_to_bluebike_g_sr800": 3.2683943017936938, "_to_bus_reach_sr800": 29.0, "_to_bus_g_sr800": 19.091313850204784, "Schools_to_Train_reach": 1.0, "Schools_to_Train_gravity": 0.47973552645289563, "Schools_to_Train_knn_access": 6.0, "Schools_to_Bus_reach": 29.0, "Schools_to_Bus_gravity": 19.091313850204784, "Schools_to_Bus_knn_access": 2.0, "Schools_to_Bluebike_reach": 5.0, "Schools_to_Bluebike_gravity": 3.2683943017936938, "Schools_to_Bluebike_knn_access": 0.5, "total_knn_access": 8.5, "normalized_knn_access": 1.0 }, "geometry": { "type": "Point", "coordinates": [ 231965.0, 902728.0 ] } },
{ "type": "Feature", "properties": { "id": 254, "__GUID": "c6c33433-c053-4300-9e26-bc23c8e377b6", "category": "youthcenter", "_to_subway_reach_sr800": 1.0, "_to_subway_g_sr800": 0.57049895913323312, "_to_bluebike_reach_sr800": 5.0, "_to_bluebike_g_sr800": 3.0174816983105632, "_to_bus_reach_sr800": 48.0, "_to_bus_g_sr800": 28.934958832637669, "Schools_to_Train_reach": 1.0, "Schools_to_Train_gravity": 0.57049895913323312, "Schools_to_Train_knn_access": 6.0, "Schools_to_Bus_reach": 48.0, "Schools_to_Bus_gravity": 28.934958832637669, "Schools_to_Bus_knn_access": 2.0, "Schools_to_Bluebike_reach": 5.0, "Schools_to_Bluebike_gravity": 3.0174816983105632, "Schools_to_Bluebike_knn_access": 0.5, "total_knn_access": 8.5, "normalized_knn_access": 1.0 }, "geometry": { "type": "Point", "coordinates": [ 232670.0, 902194.0 ] } },
{ "type": "Feature", "properties": { "id": 255, "__GUID": "cf799790-0833-44bf-b431-c48f2157196a", "category": "youthcenter", "_to_subway_reach_sr800": 0.0, "_to_subway_g_sr800": 0.0, "_to_bluebike_reach_sr800": 1.0, "_to_bluebike_g_sr800": 0.9151632146754809, "_to_bus_reach_sr800": 11.0, "_to_bus_g_sr800": 7.0141068162839852, "Schools_to_Train_reach": 0.0, "Schools_to_Train_gravity": 0.0, "Schools_to_Train_knn_access": 0.0, "Schools_to_Bus_reach": 11.0, "Schools_to_Bus_gravity": 7.0141068162839852, "Schools_to_Bus_knn_access": 2.0, "Schools_to_Bluebike_reach": 1.0, "Schools_to_Bluebike_gravity": 0.9151632146754809, "Schools_to_Bluebike_knn_access": 0.25, "total_knn_access": 2.25, "normalized_knn_access": 0.26470588235294118 }, "geometry": { "type": "Point", "coordinates": [ 228487.0, 903371.0 ] } },
{ "type": "Feature", "properties": { "id": 256, "__GUID": "34512bed-75bb-4e63-9850-1ddfc46344b5", "category": "youthcenter", "_to_subway_reach_sr800": 1.0, "_to_subway_g_sr800": 0.48960284480177185, "_to_bluebike_reach_sr800": 4.0, "_to_bluebike_g_sr800": 2.2109891770445302, "_to_bus_reach_sr800": 23.0, "_to_bus_g_sr800": 13.7474091653666, "Schools_to_Train_reach": 1.0, "Schools_to_Train_gravity": 0.48960284480177185, "Schools_to_Train_knn_access": 6.0, "Schools_to_Bus_reach": 23.0, "Schools_to_Bus_gravity": 13.7474091653666, "Schools_to_Bus_knn_access": 2.0, "Schools_to_Bluebike_reach": 4.0, "Schools_to_Bluebike_gravity": 2.2109891770445302, "Schools_to_Bluebike_knn_access": 0.5, "total_knn_access": 8.5, "normalized_knn_access": 1.0 }, "geometry": { "type": "Point", "coordinates": [ 232023.0, 901584.0 ] } },
{ "type": "Feature", "properties": { "id": 257, "__GUID": "9e6c8c74-1261-4ea4-aaf3-6557a510c3da", "category": "youthcenter", "_to_subway_reach_sr800": 0.0, "_to_subway_g_sr800": 0.0, "_to_bluebike_reach_sr800": 4.0, "_to_bluebike_g_sr800": 2.401310461831482, "_to_bus_reach_sr800": 19.0, "_to_bus_g_sr800": 11.769140353719665, "Schools_to_Train_reach": 0.0, "Schools_to_Train_gravity": 0.0, "Schools_to_Train_knn_access": 0.0, "Schools_to_Bus_reach": 19.0, "Schools_to_Bus_gravity": 11.769140353719665, "Schools_to_Bus_knn_access": 2.0, "Schools_to_Bluebike_reach": 4.0, "Schools_to_Bluebike_gravity": 2.401310461831482, "Schools_to_Bluebike_knn_access": 0.5, "total_knn_access": 2.5, "normalized_knn_access": 0.29411764705882354 }, "geometry": { "type": "Point", "coordinates": [ 230598.0, 904674.0 ] } },
{ "type": "Feature", "properties": { "id": 258, "__GUID": "d471097f-d067-4fba-b783-b4b03f4f9193", "category": "youthcenter", "_to_subway_reach_sr800": 0.0, "_to_subway_g_sr800": 0.0, "_to_bluebike_reach_sr800": 4.0, "_to_bluebike_g_sr800": 2.2831173302022076, "_to_bus_reach_sr800": 28.0, "_to_bus_g_sr800": 16.888012787057516, "Schools_to_Train_reach": 0.0, "Schools_to_Train_gravity": 0.0, "Schools_to_Train_knn_access": 0.0, "Schools_to_Bus_reach": 28.0, "Schools_to_Bus_gravity": 16.888012787057516, "Schools_to_Bus_knn_access": 2.0, "Schools_to_Bluebike_reach": 4.0, "Schools_to_Bluebike_gravity": 2.2831173302022076, "Schools_to_Bluebike_knn_access": 0.5, "total_knn_access": 2.5, "normalized_knn_access": 0.29411764705882354 }, "geometry": { "type": "Point", "coordinates": [ 233588.0, 902365.0 ] } },
{ "type": "Feature", "properties": { "id": 259, "__GUID": "42e1c319-a3a0-43ec-9341-120397491c65", "category": "youthcenter", "_to_subway_reach_sr800": 1.0, "_to_subway_g_sr800": 0.65066296625987663, "_to_bluebike_reach_sr800": 6.0, "_to_bluebike_g_sr800": 3.4689378745712287, "_to_bus_reach_sr800": 45.0, "_to_bus_g_sr800": 27.88262857928251, "Schools_to_Train_reach": 1.0, "Schools_to_Train_gravity": 0.65066296625987663, "Schools_to_Train_knn_access": 6.0, "Schools_to_Bus_reach": 45.0, "Schools_to_Bus_gravity": 27.88262857928251, "Schools_to_Bus_knn_access": 2.0, "Schools_to_Bluebike_reach": 6.0, "Schools_to_Bluebike_gravity": 3.4689378745712287, "Schools_to_Bluebike_knn_access": 0.5, "total_knn_access": 8.5, "normalized_knn_access": 1.0 }, "geometry": { "type": "Point", "coordinates": [ 232868.0, 902045.0 ] } }
]
}
